,index,consider_len,end_time,buy_discount_rate,sell_discount_rate,buy_power_threshold,sell_power_threshold,buy_accel_threshold,sell_accel_threshold,buy_power_ratio_threshold,mean_earning_rate,total_trade_count,oscillation_count,oscillation_ratio
0,0,20,20200902091000,0.9,0.5,2,1,0.3,0.3,100,-0.28,1,1,1.0
1,0,20,20200902092000,0.9,0.5,2,1,0.3,0.3,100,-0.24,30,21,0.7
2,0,20,20200902093000,0.9,0.5,2,1,0.3,0.3,100,-0.28,60,47,0.78
3,0,20,20200902101000,0.9,0.5,2,1,0.3,0.3,100,-0.27,122,98,0.8
4,0,20,20200902091000,0.9,0.5,2,1,0.3,0.3,2000,-0.28,1,1,1.0
5,0,20,20200902092000,0.9,0.5,2,1,0.3,0.3,2000,-0.43,8,7,0.87
6,0,20,20200902093000,0.9,0.5,2,1,0.3,0.3,2000,-0.47,16,15,0.94
7,0,20,20200902101000,0.9,0.5,2,1,0.3,0.3,2000,-0.41,35,32,0.91
8,0,20,20200902091000,0.9,0.5,2,1,0.3,0.3,20000,-0.28,1,1,1.0
9,0,20,20200902092000,0.9,0.5,2,1,0.3,0.3,20000,-0.43,8,7,0.87
10,0,20,20200902093000,0.9,0.5,2,1,0.3,0.3,20000,-0.47,16,15,0.94
11,0,20,20200902101000,0.9,0.5,2,1,0.3,0.3,20000,-0.41,34,31,0.91
12,0,20,20200902091000,0.9,0.5,2,1,0.3,0.5,100,-0.28,1,1,1.0
13,0,20,20200902092000,0.9,0.5,2,1,0.3,0.5,100,-0.15,12,7,0.58
14,0,20,20200902093000,0.9,0.5,2,1,0.3,0.5,100,-0.18,30,23,0.77
15,0,20,20200902101000,0.9,0.5,2,1,0.3,0.5,100,-0.24,60,47,0.78
16,0,20,20200902091000,0.9,0.5,2,1,0.3,0.5,2000,-0.28,1,1,1.0
17,0,20,20200902092000,0.9,0.5,2,1,0.3,0.5,2000,-0.49,6,5,0.83
18,0,20,20200902093000,0.9,0.5,2,1,0.3,0.5,2000,-0.38,12,10,0.83
19,0,20,20200902101000,0.9,0.5,2,1,0.3,0.5,2000,-0.43,27,23,0.85
20,0,20,20200902091000,0.9,0.5,2,1,0.3,0.5,20000,-0.28,1,1,1.0
21,0,20,20200902092000,0.9,0.5,2,1,0.3,0.5,20000,-0.49,6,5,0.83
22,0,20,20200902093000,0.9,0.5,2,1,0.3,0.5,20000,-0.38,12,10,0.83
23,0,20,20200902101000,0.9,0.5,2,1,0.3,0.5,20000,-0.46,26,23,0.88
24,0,20,20200902091000,0.9,0.5,2,1,0.3,0.7,100,-0.28,1,1,1.0
25,0,20,20200902092000,0.9,0.5,2,1,0.3,0.7,100,-0.11,12,7,0.58
26,0,20,20200902093000,0.9,0.5,2,1,0.3,0.7,100,-0.16,29,21,0.72
27,0,20,20200902101000,0.9,0.5,2,1,0.3,0.7,100,-0.21,59,44,0.75
28,0,20,20200902091000,0.9,0.5,2,1,0.3,0.7,2000,-0.28,1,1,1.0
29,0,20,20200902092000,0.9,0.5,2,1,0.3,0.7,2000,-0.49,6,5,0.83
30,0,20,20200902093000,0.9,0.5,2,1,0.3,0.7,2000,-0.38,12,10,0.83
31,0,20,20200902101000,0.9,0.5,2,1,0.3,0.7,2000,-0.43,27,23,0.85
32,0,20,20200902091000,0.9,0.5,2,1,0.3,0.7,20000,-0.28,1,1,1.0
33,0,20,20200902092000,0.9,0.5,2,1,0.3,0.7,20000,-0.49,6,5,0.83
34,0,20,20200902093000,0.9,0.5,2,1,0.3,0.7,20000,-0.38,12,10,0.83
35,0,20,20200902101000,0.9,0.5,2,1,0.3,0.7,20000,-0.46,26,23,0.88
36,0,20,20200902092000,0.9,0.5,2,1,0.5,0.3,100,-0.16,7,3,0.43
37,0,20,20200902093000,0.9,0.5,2,1,0.5,0.3,100,-0.19,8,4,0.5
38,0,20,20200902101000,0.9,0.5,2,1,0.5,0.3,100,-0.31,21,15,0.71
39,0,20,20200902092000,0.9,0.5,2,1,0.5,0.3,2000,-0.4,1,1,1.0
40,0,20,20200902093000,0.9,0.5,2,1,0.5,0.3,2000,-0.4,1,1,1.0
41,0,20,20200902101000,0.9,0.5,2,1,0.5,0.3,2000,-0.4,1,1,1.0
42,0,20,20200902092000,0.9,0.5,2,1,0.5,0.3,20000,-0.4,1,1,1.0
43,0,20,20200902093000,0.9,0.5,2,1,0.5,0.3,20000,-0.4,1,1,1.0
44,0,20,20200902101000,0.9,0.5,2,1,0.5,0.3,20000,-0.4,1,1,1.0
45,0,20,20200902092000,0.9,0.5,2,1,0.5,0.5,100,-0.15,2,1,0.5
46,0,20,20200902093000,0.9,0.5,2,1,0.5,0.5,100,-0.23,3,2,0.67
47,0,20,20200902101000,0.9,0.5,2,1,0.5,0.5,100,-0.15,8,6,0.75
48,0,20,20200902092000,0.9,0.5,2,1,0.5,0.5,2000,-0.4,1,1,1.0
49,0,20,20200902093000,0.9,0.5,2,1,0.5,0.5,2000,-0.4,1,1,1.0
50,0,20,20200902101000,0.9,0.5,2,1,0.5,0.5,2000,-0.4,1,1,1.0
51,0,20,20200902092000,0.9,0.5,2,1,0.5,0.5,20000,-0.4,1,1,1.0
52,0,20,20200902093000,0.9,0.5,2,1,0.5,0.5,20000,-0.4,1,1,1.0
53,0,20,20200902101000,0.9,0.5,2,1,0.5,0.5,20000,-0.4,1,1,1.0
54,0,20,20200902092000,0.9,0.5,2,1,0.5,0.7,100,-0.15,2,1,0.5
55,0,20,20200902093000,0.9,0.5,2,1,0.5,0.7,100,-0.23,3,2,0.67
56,0,20,20200902101000,0.9,0.5,2,1,0.5,0.7,100,-0.18,8,6,0.75
57,0,20,20200902092000,0.9,0.5,2,1,0.5,0.7,2000,-0.4,1,1,1.0
58,0,20,20200902093000,0.9,0.5,2,1,0.5,0.7,2000,-0.4,1,1,1.0
59,0,20,20200902101000,0.9,0.5,2,1,0.5,0.7,2000,-0.4,1,1,1.0
60,0,20,20200902092000,0.9,0.5,2,1,0.5,0.7,20000,-0.4,1,1,1.0
61,0,20,20200902093000,0.9,0.5,2,1,0.5,0.7,20000,-0.4,1,1,1.0
62,0,20,20200902101000,0.9,0.5,2,1,0.5,0.7,20000,-0.4,1,1,1.0
63,0,20,20200902091000,0.9,0.5,2,2,0.3,0.3,100,-0.28,1,1,1.0
64,0,20,20200902092000,0.9,0.5,2,2,0.3,0.3,100,-0.24,30,21,0.7
65,0,20,20200902093000,0.9,0.5,2,2,0.3,0.3,100,-0.28,60,47,0.78
66,0,20,20200902101000,0.9,0.5,2,2,0.3,0.3,100,-0.27,122,98,0.8
67,0,20,20200902091000,0.9,0.5,2,2,0.3,0.3,2000,-0.28,1,1,1.0
68,0,20,20200902092000,0.9,0.5,2,2,0.3,0.3,2000,-0.43,8,7,0.87
69,0,20,20200902093000,0.9,0.5,2,2,0.3,0.3,2000,-0.47,16,15,0.94
70,0,20,20200902101000,0.9,0.5,2,2,0.3,0.3,2000,-0.4,35,32,0.91
71,0,20,20200902091000,0.9,0.5,2,2,0.3,0.3,20000,-0.28,1,1,1.0
72,0,20,20200902092000,0.9,0.5,2,2,0.3,0.3,20000,-0.43,8,7,0.87
73,0,20,20200902093000,0.9,0.5,2,2,0.3,0.3,20000,-0.47,16,15,0.94
74,0,20,20200902101000,0.9,0.5,2,2,0.3,0.3,20000,-0.4,34,31,0.91
75,0,20,20200902091000,0.9,0.5,2,2,0.3,0.5,100,-0.28,1,1,1.0
76,0,20,20200902092000,0.9,0.5,2,2,0.3,0.5,100,-0.19,16,11,0.69
77,0,20,20200902093000,0.9,0.5,2,2,0.3,0.5,100,-0.22,36,29,0.81
78,0,20,20200902101000,0.9,0.5,2,2,0.3,0.5,100,-0.26,68,55,0.81
79,0,20,20200902091000,0.9,0.5,2,2,0.3,0.5,2000,-0.28,1,1,1.0
80,0,20,20200902092000,0.9,0.5,2,2,0.3,0.5,2000,-0.51,7,7,1.0
81,0,20,20200902093000,0.9,0.5,2,2,0.3,0.5,2000,-0.45,15,14,0.93
82,0,20,20200902101000,0.9,0.5,2,2,0.3,0.5,2000,-0.43,31,28,0.9
83,0,20,20200902091000,0.9,0.5,2,2,0.3,0.5,20000,-0.28,1,1,1.0
84,0,20,20200902092000,0.9,0.5,2,2,0.3,0.5,20000,-0.51,7,7,1.0
85,0,20,20200902093000,0.9,0.5,2,2,0.3,0.5,20000,-0.45,15,14,0.93
86,0,20,20200902101000,0.9,0.5,2,2,0.3,0.5,20000,-0.46,30,28,0.93
87,0,20,20200902091000,0.9,0.5,2,2,0.3,0.7,100,-0.28,1,1,1.0
88,0,20,20200902092000,0.9,0.5,2,2,0.3,0.7,100,-0.16,16,11,0.69
89,0,20,20200902093000,0.9,0.5,2,2,0.3,0.7,100,-0.2,35,27,0.77
90,0,20,20200902101000,0.9,0.5,2,2,0.3,0.7,100,-0.24,67,52,0.78
91,0,20,20200902091000,0.9,0.5,2,2,0.3,0.7,2000,-0.28,1,1,1.0
92,0,20,20200902092000,0.9,0.5,2,2,0.3,0.7,2000,-0.51,7,7,1.0
93,0,20,20200902093000,0.9,0.5,2,2,0.3,0.7,2000,-0.45,15,14,0.93
94,0,20,20200902101000,0.9,0.5,2,2,0.3,0.7,2000,-0.43,31,28,0.9
95,0,20,20200902091000,0.9,0.5,2,2,0.3,0.7,20000,-0.28,1,1,1.0
96,0,20,20200902092000,0.9,0.5,2,2,0.3,0.7,20000,-0.51,7,7,1.0
97,0,20,20200902093000,0.9,0.5,2,2,0.3,0.7,20000,-0.45,15,14,0.93
98,0,20,20200902101000,0.9,0.5,2,2,0.3,0.7,20000,-0.46,30,28,0.93
99,0,20,20200902092000,0.9,0.5,2,2,0.5,0.3,100,-0.16,7,3,0.43
100,0,20,20200902093000,0.9,0.5,2,2,0.5,0.3,100,-0.19,8,4,0.5
101,0,20,20200902101000,0.9,0.5,2,2,0.5,0.3,100,-0.31,21,15,0.71
102,0,20,20200902092000,0.9,0.5,2,2,0.5,0.3,2000,-0.4,1,1,1.0
103,0,20,20200902093000,0.9,0.5,2,2,0.5,0.3,2000,-0.4,1,1,1.0
104,0,20,20200902101000,0.9,0.5,2,2,0.5,0.3,2000,-0.4,1,1,1.0
105,0,20,20200902092000,0.9,0.5,2,2,0.5,0.3,20000,-0.4,1,1,1.0
106,0,20,20200902093000,0.9,0.5,2,2,0.5,0.3,20000,-0.4,1,1,1.0
107,0,20,20200902101000,0.9,0.5,2,2,0.5,0.3,20000,-0.4,1,1,1.0
108,0,20,20200902092000,0.9,0.5,2,2,0.5,0.5,100,-0.13,3,2,0.67
109,0,20,20200902093000,0.9,0.5,2,2,0.5,0.5,100,-0.17,4,3,0.75
110,0,20,20200902101000,0.9,0.5,2,2,0.5,0.5,100,-0.13,9,7,0.78
111,0,20,20200902092000,0.9,0.5,2,2,0.5,0.5,2000,-0.4,1,1,1.0
112,0,20,20200902093000,0.9,0.5,2,2,0.5,0.5,2000,-0.4,1,1,1.0
113,0,20,20200902101000,0.9,0.5,2,2,0.5,0.5,2000,-0.4,1,1,1.0
114,0,20,20200902092000,0.9,0.5,2,2,0.5,0.5,20000,-0.4,1,1,1.0
115,0,20,20200902093000,0.9,0.5,2,2,0.5,0.5,20000,-0.4,1,1,1.0
116,0,20,20200902101000,0.9,0.5,2,2,0.5,0.5,20000,-0.4,1,1,1.0
117,0,20,20200902092000,0.9,0.5,2,2,0.5,0.7,100,-0.13,3,2,0.67
118,0,20,20200902093000,0.9,0.5,2,2,0.5,0.7,100,-0.17,4,3,0.75
119,0,20,20200902101000,0.9,0.5,2,2,0.5,0.7,100,-0.15,9,7,0.78
120,0,20,20200902092000,0.9,0.5,2,2,0.5,0.7,2000,-0.4,1,1,1.0
121,0,20,20200902093000,0.9,0.5,2,2,0.5,0.7,2000,-0.4,1,1,1.0
122,0,20,20200902101000,0.9,0.5,2,2,0.5,0.7,2000,-0.4,1,1,1.0
123,0,20,20200902092000,0.9,0.5,2,2,0.5,0.7,20000,-0.4,1,1,1.0
124,0,20,20200902093000,0.9,0.5,2,2,0.5,0.7,20000,-0.4,1,1,1.0
125,0,20,20200902101000,0.9,0.5,2,2,0.5,0.7,20000,-0.4,1,1,1.0
126,0,20,20200902092000,0.9,0.5,5,1,0.3,0.3,100,-0.21,18,12,0.67
127,0,20,20200902093000,0.9,0.5,5,1,0.3,0.3,100,-0.26,34,26,0.76
128,0,20,20200902101000,0.9,0.5,5,1,0.3,0.3,100,-0.22,70,53,0.76
129,0,20,20200902093000,0.9,0.5,5,1,0.3,0.3,2000,-1.3,1,1,1.0
130,0,20,20200902101000,0.9,0.5,5,1,0.3,0.3,2000,-0.49,8,7,0.87
131,0,20,20200902093000,0.9,0.5,5,1,0.3,0.3,20000,-1.3,1,1,1.0
132,0,20,20200902101000,0.9,0.5,5,1,0.3,0.3,20000,-0.52,7,6,0.86
133,0,20,20200902092000,0.9,0.5,5,1,0.3,0.5,100,0.21,5,1,0.2
134,0,20,20200902093000,0.9,0.5,5,1,0.3,0.5,100,-0.28,16,12,0.75
135,0,20,20200902101000,0.9,0.5,5,1,0.3,0.5,100,-0.16,31,21,0.68
136,0,20,20200902093000,0.9,0.5,5,1,0.3,0.5,2000,-1.3,1,1,1.0
137,0,20,20200902101000,0.9,0.5,5,1,0.3,0.5,2000,-0.4,8,6,0.75
138,0,20,20200902093000,0.9,0.5,5,1,0.3,0.5,20000,-1.3,1,1,1.0
139,0,20,20200902101000,0.9,0.5,5,1,0.3,0.5,20000,-0.5,7,6,0.86
140,0,20,20200902092000,0.9,0.5,5,1,0.3,0.7,100,0.3,5,1,0.2
141,0,20,20200902093000,0.9,0.5,5,1,0.3,0.7,100,-0.25,15,10,0.67
142,0,20,20200902101000,0.9,0.5,5,1,0.3,0.7,100,-0.14,30,19,0.63
143,0,20,20200902093000,0.9,0.5,5,1,0.3,0.7,2000,-1.3,1,1,1.0
144,0,20,20200902101000,0.9,0.5,5,1,0.3,0.7,2000,-0.4,8,6,0.75
145,0,20,20200902093000,0.9,0.5,5,1,0.3,0.7,20000,-1.3,1,1,1.0
146,0,20,20200902101000,0.9,0.5,5,1,0.3,0.7,20000,-0.5,7,6,0.86
147,0,20,20200902092000,0.9,0.5,5,1,0.5,0.3,100,-0.12,6,2,0.33
148,0,20,20200902093000,0.9,0.5,5,1,0.5,0.3,100,-0.16,7,3,0.43
149,0,20,20200902101000,0.9,0.5,5,1,0.5,0.3,100,-0.28,17,11,0.65
150,0,20,20200902092000,0.9,0.5,5,1,0.5,0.5,100,0.1,1,0,0.0
151,0,20,20200902093000,0.9,0.5,5,1,0.5,0.5,100,-0.15,2,1,0.5
152,0,20,20200902101000,0.9,0.5,5,1,0.5,0.5,100,0.03,5,3,0.6
153,0,20,20200902092000,0.9,0.5,5,1,0.5,0.7,100,0.1,1,0,0.0
154,0,20,20200902093000,0.9,0.5,5,1,0.5,0.7,100,-0.15,2,1,0.5
155,0,20,20200902101000,0.9,0.5,5,1,0.5,0.7,100,0.03,5,3,0.6
156,0,20,20200902092000,0.9,0.5,5,2,0.3,0.3,100,-0.21,18,12,0.67
157,0,20,20200902093000,0.9,0.5,5,2,0.3,0.3,100,-0.26,34,26,0.76
158,0,20,20200902101000,0.9,0.5,5,2,0.3,0.3,100,-0.21,70,53,0.76
159,0,20,20200902093000,0.9,0.5,5,2,0.3,0.3,2000,-1.3,1,1,1.0
160,0,20,20200902101000,0.9,0.5,5,2,0.3,0.3,2000,-0.43,8,7,0.87
161,0,20,20200902093000,0.9,0.5,5,2,0.3,0.3,20000,-1.3,1,1,1.0
162,0,20,20200902101000,0.9,0.5,5,2,0.3,0.3,20000,-0.45,7,6,0.86
163,0,20,20200902092000,0.9,0.5,5,2,0.3,0.5,100,0.01,7,3,0.43
164,0,20,20200902093000,0.9,0.5,5,2,0.3,0.5,100,-0.3,19,15,0.79
165,0,20,20200902101000,0.9,0.5,5,2,0.3,0.5,100,-0.17,34,24,0.71
166,0,20,20200902093000,0.9,0.5,5,2,0.3,0.5,2000,-1.3,1,1,1.0
167,0,20,20200902101000,0.9,0.5,5,2,0.3,0.5,2000,-0.34,8,6,0.75
168,0,20,20200902093000,0.9,0.5,5,2,0.3,0.5,20000,-1.3,1,1,1.0
169,0,20,20200902101000,0.9,0.5,5,2,0.3,0.5,20000,-0.44,7,6,0.86
170,0,20,20200902092000,0.9,0.5,5,2,0.3,0.7,100,0.07,7,3,0.43
171,0,20,20200902093000,0.9,0.5,5,2,0.3,0.7,100,-0.27,18,13,0.72
172,0,20,20200902101000,0.9,0.5,5,2,0.3,0.7,100,-0.15,33,22,0.67
173,0,20,20200902093000,0.9,0.5,5,2,0.3,0.7,2000,-1.3,1,1,1.0
174,0,20,20200902101000,0.9,0.5,5,2,0.3,0.7,2000,-0.34,8,6,0.75
175,0,20,20200902093000,0.9,0.5,5,2,0.3,0.7,20000,-1.3,1,1,1.0
176,0,20,20200902101000,0.9,0.5,5,2,0.3,0.7,20000,-0.44,7,6,0.86
177,0,20,20200902092000,0.9,0.5,5,2,0.5,0.3,100,-0.12,6,2,0.33
178,0,20,20200902093000,0.9,0.5,5,2,0.5,0.3,100,-0.16,7,3,0.43
179,0,20,20200902101000,0.9,0.5,5,2,0.5,0.3,100,-0.28,17,11,0.65
180,0,20,20200902092000,0.9,0.5,5,2,0.5,0.5,100,0.01,2,1,0.5
181,0,20,20200902093000,0.9,0.5,5,2,0.5,0.5,100,-0.09,3,2,0.67
182,0,20,20200902101000,0.9,0.5,5,2,0.5,0.5,100,0.03,6,4,0.67
183,0,20,20200902092000,0.9,0.5,5,2,0.5,0.7,100,0.01,2,1,0.5
184,0,20,20200902093000,0.9,0.5,5,2,0.5,0.7,100,-0.09,3,2,0.67
185,0,20,20200902101000,0.9,0.5,5,2,0.5,0.7,100,0.03,6,4,0.67
186,0,20,20200902092000,0.9,0.5,10,1,0.3,0.3,100,-0.3,13,11,0.85
187,0,20,20200902093000,0.9,0.5,10,1,0.3,0.3,100,-0.3,19,16,0.84
188,0,20,20200902101000,0.9,0.5,10,1,0.3,0.3,100,-0.29,43,34,0.79
189,0,20,20200902101000,0.9,0.5,10,1,0.3,0.3,2000,-0.27,4,3,0.75
190,0,20,20200902101000,0.9,0.5,10,1,0.3,0.3,20000,-0.27,3,2,0.67
191,0,20,20200902092000,0.9,0.5,10,1,0.3,0.5,100,0.22,4,1,0.25
192,0,20,20200902093000,0.9,0.5,10,1,0.3,0.5,100,-0.16,8,5,0.62
193,0,20,20200902101000,0.9,0.5,10,1,0.3,0.5,100,-0.12,18,10,0.56
194,0,20,20200902101000,0.9,0.5,10,1,0.3,0.5,2000,-0.08,4,2,0.5
195,0,20,20200902101000,0.9,0.5,10,1,0.3,0.5,20000,-0.23,3,2,0.67
196,0,20,20200902092000,0.9,0.5,10,1,0.3,0.7,100,0.22,4,1,0.25
197,0,20,20200902093000,0.9,0.5,10,1,0.3,0.7,100,-0.16,8,5,0.62
198,0,20,20200902101000,0.9,0.5,10,1,0.3,0.7,100,-0.12,18,10,0.56
199,0,20,20200902101000,0.9,0.5,10,1,0.3,0.7,2000,-0.08,4,2,0.5
200,0,20,20200902101000,0.9,0.5,10,1,0.3,0.7,20000,-0.23,3,2,0.67
201,0,20,20200902092000,0.9,0.5,10,1,0.5,0.3,100,-0.41,3,2,0.67
202,0,20,20200902093000,0.9,0.5,10,1,0.5,0.3,100,-0.41,3,2,0.67
203,0,20,20200902101000,0.9,0.5,10,1,0.5,0.3,100,-0.45,11,9,0.82
204,0,20,20200902092000,0.9,0.5,10,1,0.5,0.5,100,0.1,1,0,0.0
205,0,20,20200902093000,0.9,0.5,10,1,0.5,0.5,100,0.1,1,0,0.0
206,0,20,20200902101000,0.9,0.5,10,1,0.5,0.5,100,0.14,4,2,0.5
207,0,20,20200902092000,0.9,0.5,10,1,0.5,0.7,100,0.1,1,0,0.0
208,0,20,20200902093000,0.9,0.5,10,1,0.5,0.7,100,0.1,1,0,0.0
209,0,20,20200902101000,0.9,0.5,10,1,0.5,0.7,100,0.14,4,2,0.5
210,0,20,20200902092000,0.9,0.5,10,2,0.3,0.3,100,-0.3,13,11,0.85
211,0,20,20200902093000,0.9,0.5,10,2,0.3,0.3,100,-0.3,19,16,0.84
212,0,20,20200902101000,0.9,0.5,10,2,0.3,0.3,100,-0.28,43,34,0.79
213,0,20,20200902101000,0.9,0.5,10,2,0.3,0.3,2000,-0.16,4,3,0.75
214,0,20,20200902101000,0.9,0.5,10,2,0.3,0.3,20000,-0.11,3,2,0.67
215,0,20,20200902092000,0.9,0.5,10,2,0.3,0.5,100,-0.2,5,3,0.6
216,0,20,20200902093000,0.9,0.5,10,2,0.3,0.5,100,-0.35,9,7,0.78
217,0,20,20200902101000,0.9,0.5,10,2,0.3,0.5,100,-0.19,19,12,0.63
218,0,20,20200902101000,0.9,0.5,10,2,0.3,0.5,2000,0.03,4,2,0.5
219,0,20,20200902101000,0.9,0.5,10,2,0.3,0.5,20000,-0.07,3,2,0.67
220,0,20,20200902092000,0.9,0.5,10,2,0.3,0.7,100,-0.2,5,3,0.6
221,0,20,20200902093000,0.9,0.5,10,2,0.3,0.7,100,-0.35,9,7,0.78
222,0,20,20200902101000,0.9,0.5,10,2,0.3,0.7,100,-0.19,19,12,0.63
223,0,20,20200902101000,0.9,0.5,10,2,0.3,0.7,2000,0.03,4,2,0.5
224,0,20,20200902101000,0.9,0.5,10,2,0.3,0.7,20000,-0.07,3,2,0.67
225,0,20,20200902092000,0.9,0.5,10,2,0.5,0.3,100,-0.41,3,2,0.67
226,0,20,20200902093000,0.9,0.5,10,2,0.5,0.3,100,-0.41,3,2,0.67
227,0,20,20200902101000,0.9,0.5,10,2,0.5,0.3,100,-0.45,11,9,0.82
228,0,20,20200902092000,0.9,0.5,10,2,0.5,0.5,100,-0.66,2,2,1.0
229,0,20,20200902093000,0.9,0.5,10,2,0.5,0.5,100,-0.66,2,2,1.0
230,0,20,20200902101000,0.9,0.5,10,2,0.5,0.5,100,-0.17,5,4,0.8
231,0,20,20200902092000,0.9,0.5,10,2,0.5,0.7,100,-0.66,2,2,1.0
232,0,20,20200902093000,0.9,0.5,10,2,0.5,0.7,100,-0.66,2,2,1.0
233,0,20,20200902101000,0.9,0.5,10,2,0.5,0.7,100,-0.17,5,4,0.8
234,0,20,20200902093000,0.9,0.5,100,1,0.3,0.3,100,-0.28,1,1,1.0
235,0,20,20200902101000,0.9,0.5,100,1,0.3,0.3,100,-0.64,2,2,1.0
236,0,20,20200902093000,0.9,0.5,100,1,0.3,0.5,100,-0.28,1,1,1.0
237,0,20,20200902101000,0.9,0.5,100,1,0.3,0.5,100,-0.19,2,2,1.0
238,0,20,20200902093000,0.9,0.5,100,1,0.3,0.7,100,-0.28,1,1,1.0
239,0,20,20200902101000,0.9,0.5,100,1,0.3,0.7,100,-0.19,2,2,1.0
240,0,20,20200902101000,0.9,0.5,100,1,0.5,0.3,100,-1.01,1,1,1.0
241,0,20,20200902101000,0.9,0.5,100,1,0.5,0.5,100,-0.1,1,1,1.0
242,0,20,20200902101000,0.9,0.5,100,1,0.5,0.7,100,-0.1,1,1,1.0
243,0,20,20200902093000,0.9,0.5,100,2,0.3,0.3,100,-0.28,1,1,1.0
244,0,20,20200902101000,0.9,0.5,100,2,0.3,0.3,100,-0.64,2,2,1.0
245,0,20,20200902093000,0.9,0.5,100,2,0.3,0.5,100,-0.28,1,1,1.0
246,0,20,20200902101000,0.9,0.5,100,2,0.3,0.5,100,-0.19,2,2,1.0
247,0,20,20200902093000,0.9,0.5,100,2,0.3,0.7,100,-0.28,1,1,1.0
248,0,20,20200902101000,0.9,0.5,100,2,0.3,0.7,100,-0.19,2,2,1.0
249,0,20,20200902101000,0.9,0.5,100,2,0.5,0.3,100,-1.01,1,1,1.0
250,0,20,20200902101000,0.9,0.5,100,2,0.5,0.5,100,-0.1,1,1,1.0
251,0,20,20200902101000,0.9,0.5,100,2,0.5,0.7,100,-0.1,1,1,1.0
252,0,20,20200902091000,0.9,0.7,2,1,0.3,0.3,100,-0.28,1,1,1.0
253,0,20,20200902092000,0.9,0.7,2,1,0.3,0.3,100,-0.24,30,21,0.7
254,0,20,20200902093000,0.9,0.7,2,1,0.3,0.3,100,-0.3,60,47,0.78
255,0,20,20200902101000,0.9,0.7,2,1,0.3,0.3,100,-0.28,122,98,0.8
256,0,20,20200902091000,0.9,0.7,2,1,0.3,0.3,2000,-0.28,1,1,1.0
257,0,20,20200902092000,0.9,0.7,2,1,0.3,0.3,2000,-0.43,8,7,0.87
258,0,20,20200902093000,0.9,0.7,2,1,0.3,0.3,2000,-0.55,16,15,0.94
259,0,20,20200902101000,0.9,0.7,2,1,0.3,0.3,2000,-0.45,35,32,0.91
260,0,20,20200902091000,0.9,0.7,2,1,0.3,0.3,20000,-0.28,1,1,1.0
261,0,20,20200902092000,0.9,0.7,2,1,0.3,0.3,20000,-0.43,8,7,0.87
262,0,20,20200902093000,0.9,0.7,2,1,0.3,0.3,20000,-0.55,16,15,0.94
263,0,20,20200902101000,0.9,0.7,2,1,0.3,0.3,20000,-0.46,34,31,0.91
264,0,20,20200902092000,0.9,0.7,2,1,0.3,0.5,100,0.05,10,4,0.4
265,0,20,20200902093000,0.9,0.7,2,1,0.3,0.5,100,-0.2,27,17,0.63
266,0,20,20200902101000,0.9,0.7,2,1,0.3,0.5,100,-0.27,56,33,0.59
267,0,20,20200902092000,0.9,0.7,2,1,0.3,0.5,2000,-0.43,5,3,0.6
268,0,20,20200902093000,0.9,0.7,2,1,0.3,0.5,2000,-0.52,12,9,0.75
269,0,20,20200902101000,0.9,0.7,2,1,0.3,0.5,2000,-0.52,26,18,0.69
270,0,20,20200902092000,0.9,0.7,2,1,0.3,0.5,20000,-0.43,5,3,0.6
271,0,20,20200902093000,0.9,0.7,2,1,0.3,0.5,20000,-0.52,12,9,0.75
272,0,20,20200902101000,0.9,0.7,2,1,0.3,0.5,20000,-0.54,25,18,0.72
273,0,20,20200902092000,0.9,0.7,2,1,0.3,0.7,100,0.1,10,4,0.4
274,0,20,20200902093000,0.9,0.7,2,1,0.3,0.7,100,-0.18,26,16,0.62
275,0,20,20200902101000,0.9,0.7,2,1,0.3,0.7,100,-0.24,55,31,0.56
276,0,20,20200902092000,0.9,0.7,2,1,0.3,0.7,2000,-0.43,5,3,0.6
277,0,20,20200902093000,0.9,0.7,2,1,0.3,0.7,2000,-0.52,12,9,0.75
278,0,20,20200902101000,0.9,0.7,2,1,0.3,0.7,2000,-0.52,26,18,0.69
279,0,20,20200902092000,0.9,0.7,2,1,0.3,0.7,20000,-0.43,5,3,0.6
280,0,20,20200902093000,0.9,0.7,2,1,0.3,0.7,20000,-0.52,12,9,0.75
281,0,20,20200902101000,0.9,0.7,2,1,0.3,0.7,20000,-0.54,25,18,0.72
282,0,20,20200902092000,0.9,0.7,2,1,0.5,0.3,100,-0.16,7,3,0.43
283,0,20,20200902093000,0.9,0.7,2,1,0.5,0.3,100,-0.19,8,4,0.5
284,0,20,20200902101000,0.9,0.7,2,1,0.5,0.3,100,-0.31,21,15,0.71
285,0,20,20200902092000,0.9,0.7,2,1,0.5,0.3,2000,-0.4,1,1,1.0
286,0,20,20200902093000,0.9,0.7,2,1,0.5,0.3,2000,-0.4,1,1,1.0
287,0,20,20200902101000,0.9,0.7,2,1,0.5,0.3,2000,-0.4,1,1,1.0
288,0,20,20200902092000,0.9,0.7,2,1,0.5,0.3,20000,-0.4,1,1,1.0
289,0,20,20200902093000,0.9,0.7,2,1,0.5,0.3,20000,-0.4,1,1,1.0
290,0,20,20200902101000,0.9,0.7,2,1,0.5,0.3,20000,-0.4,1,1,1.0
291,0,20,20200902092000,0.9,0.7,2,1,0.5,0.5,100,0.94,2,0,0.0
292,0,20,20200902093000,0.9,0.7,2,1,0.5,0.5,100,0.46,3,1,0.33
293,0,20,20200902101000,0.9,0.7,2,1,0.5,0.5,100,0.08,8,4,0.5
294,0,20,20200902092000,0.9,0.7,2,1,0.5,0.5,2000,0.09,1,0,0.0
295,0,20,20200902093000,0.9,0.7,2,1,0.5,0.5,2000,0.09,1,0,0.0
296,0,20,20200902101000,0.9,0.7,2,1,0.5,0.5,2000,0.09,1,0,0.0
297,0,20,20200902092000,0.9,0.7,2,1,0.5,0.5,20000,0.09,1,0,0.0
298,0,20,20200902093000,0.9,0.7,2,1,0.5,0.5,20000,0.09,1,0,0.0
299,0,20,20200902101000,0.9,0.7,2,1,0.5,0.5,20000,0.09,1,0,0.0
300,0,20,20200902092000,0.9,0.7,2,1,0.5,0.7,100,0.94,2,0,0.0
301,0,20,20200902093000,0.9,0.7,2,1,0.5,0.7,100,0.46,3,1,0.33
302,0,20,20200902101000,0.9,0.7,2,1,0.5,0.7,100,0.06,8,4,0.5
303,0,20,20200902092000,0.9,0.7,2,1,0.5,0.7,2000,0.09,1,0,0.0
304,0,20,20200902093000,0.9,0.7,2,1,0.5,0.7,2000,0.09,1,0,0.0
305,0,20,20200902101000,0.9,0.7,2,1,0.5,0.7,2000,0.09,1,0,0.0
306,0,20,20200902092000,0.9,0.7,2,1,0.5,0.7,20000,0.09,1,0,0.0
307,0,20,20200902093000,0.9,0.7,2,1,0.5,0.7,20000,0.09,1,0,0.0
308,0,20,20200902101000,0.9,0.7,2,1,0.5,0.7,20000,0.09,1,0,0.0
309,0,20,20200902091000,0.9,0.7,2,2,0.3,0.3,100,-0.28,1,1,1.0
310,0,20,20200902092000,0.9,0.7,2,2,0.3,0.3,100,-0.24,30,21,0.7
311,0,20,20200902093000,0.9,0.7,2,2,0.3,0.3,100,-0.28,60,47,0.78
312,0,20,20200902101000,0.9,0.7,2,2,0.3,0.3,100,-0.27,122,98,0.8
313,0,20,20200902091000,0.9,0.7,2,2,0.3,0.3,2000,-0.28,1,1,1.0
314,0,20,20200902092000,0.9,0.7,2,2,0.3,0.3,2000,-0.43,8,7,0.87
315,0,20,20200902093000,0.9,0.7,2,2,0.3,0.3,2000,-0.47,16,15,0.94
316,0,20,20200902101000,0.9,0.7,2,2,0.3,0.3,2000,-0.41,35,32,0.91
317,0,20,20200902091000,0.9,0.7,2,2,0.3,0.3,20000,-0.28,1,1,1.0
318,0,20,20200902092000,0.9,0.7,2,2,0.3,0.3,20000,-0.43,8,7,0.87
319,0,20,20200902093000,0.9,0.7,2,2,0.3,0.3,20000,-0.47,16,15,0.94
320,0,20,20200902101000,0.9,0.7,2,2,0.3,0.3,20000,-0.41,34,31,0.91
321,0,20,20200902091000,0.9,0.7,2,2,0.3,0.5,100,-0.28,1,1,1.0
322,0,20,20200902092000,0.9,0.7,2,2,0.3,0.5,100,-0.12,13,7,0.54
323,0,20,20200902093000,0.9,0.7,2,2,0.3,0.5,100,-0.16,30,22,0.73
324,0,20,20200902101000,0.9,0.7,2,2,0.3,0.5,100,-0.23,59,42,0.71
325,0,20,20200902091000,0.9,0.7,2,2,0.3,0.5,2000,-0.28,1,1,1.0
326,0,20,20200902092000,0.9,0.7,2,2,0.3,0.5,2000,-0.49,6,5,0.83
327,0,20,20200902093000,0.9,0.7,2,2,0.3,0.5,2000,-0.38,12,10,0.83
328,0,20,20200902101000,0.9,0.7,2,2,0.3,0.5,2000,-0.45,26,22,0.85
329,0,20,20200902091000,0.9,0.7,2,2,0.3,0.5,20000,-0.28,1,1,1.0
330,0,20,20200902092000,0.9,0.7,2,2,0.3,0.5,20000,-0.49,6,5,0.83
331,0,20,20200902093000,0.9,0.7,2,2,0.3,0.5,20000,-0.38,12,10,0.83
332,0,20,20200902101000,0.9,0.7,2,2,0.3,0.5,20000,-0.48,25,22,0.88
333,0,20,20200902091000,0.9,0.7,2,2,0.3,0.7,100,-0.28,1,1,1.0
334,0,20,20200902092000,0.9,0.7,2,2,0.3,0.7,100,-0.08,13,7,0.54
335,0,20,20200902093000,0.9,0.7,2,2,0.3,0.7,100,-0.14,29,20,0.69
336,0,20,20200902101000,0.9,0.7,2,2,0.3,0.7,100,-0.21,58,39,0.67
337,0,20,20200902091000,0.9,0.7,2,2,0.3,0.7,2000,-0.28,1,1,1.0
338,0,20,20200902092000,0.9,0.7,2,2,0.3,0.7,2000,-0.49,6,5,0.83
339,0,20,20200902093000,0.9,0.7,2,2,0.3,0.7,2000,-0.38,12,10,0.83
340,0,20,20200902101000,0.9,0.7,2,2,0.3,0.7,2000,-0.45,26,22,0.85
341,0,20,20200902091000,0.9,0.7,2,2,0.3,0.7,20000,-0.28,1,1,1.0
342,0,20,20200902092000,0.9,0.7,2,2,0.3,0.7,20000,-0.49,6,5,0.83
343,0,20,20200902093000,0.9,0.7,2,2,0.3,0.7,20000,-0.38,12,10,0.83
344,0,20,20200902101000,0.9,0.7,2,2,0.3,0.7,20000,-0.48,25,22,0.88
345,0,20,20200902092000,0.9,0.7,2,2,0.5,0.3,100,-0.16,7,3,0.43
346,0,20,20200902093000,0.9,0.7,2,2,0.5,0.3,100,-0.19,8,4,0.5
347,0,20,20200902101000,0.9,0.7,2,2,0.5,0.3,100,-0.31,21,15,0.71
348,0,20,20200902092000,0.9,0.7,2,2,0.5,0.3,2000,-0.4,1,1,1.0
349,0,20,20200902093000,0.9,0.7,2,2,0.5,0.3,2000,-0.4,1,1,1.0
350,0,20,20200902101000,0.9,0.7,2,2,0.5,0.3,2000,-0.4,1,1,1.0
351,0,20,20200902092000,0.9,0.7,2,2,0.5,0.3,20000,-0.4,1,1,1.0
352,0,20,20200902093000,0.9,0.7,2,2,0.5,0.3,20000,-0.4,1,1,1.0
353,0,20,20200902101000,0.9,0.7,2,2,0.5,0.3,20000,-0.4,1,1,1.0
354,0,20,20200902092000,0.9,0.7,2,2,0.5,0.5,100,-0.24,2,1,0.5
355,0,20,20200902093000,0.9,0.7,2,2,0.5,0.5,100,-0.3,3,2,0.67
356,0,20,20200902101000,0.9,0.7,2,2,0.5,0.5,100,-0.2,8,5,0.62
357,0,20,20200902092000,0.9,0.7,2,2,0.5,0.5,2000,-0.4,1,1,1.0
358,0,20,20200902093000,0.9,0.7,2,2,0.5,0.5,2000,-0.4,1,1,1.0
359,0,20,20200902101000,0.9,0.7,2,2,0.5,0.5,2000,-0.4,1,1,1.0
360,0,20,20200902092000,0.9,0.7,2,2,0.5,0.5,20000,-0.4,1,1,1.0
361,0,20,20200902093000,0.9,0.7,2,2,0.5,0.5,20000,-0.4,1,1,1.0
362,0,20,20200902101000,0.9,0.7,2,2,0.5,0.5,20000,-0.4,1,1,1.0
363,0,20,20200902092000,0.9,0.7,2,2,0.5,0.7,100,-0.24,2,1,0.5
364,0,20,20200902093000,0.9,0.7,2,2,0.5,0.7,100,-0.3,3,2,0.67
365,0,20,20200902101000,0.9,0.7,2,2,0.5,0.7,100,-0.22,8,5,0.62
366,0,20,20200902092000,0.9,0.7,2,2,0.5,0.7,2000,-0.4,1,1,1.0
367,0,20,20200902093000,0.9,0.7,2,2,0.5,0.7,2000,-0.4,1,1,1.0
368,0,20,20200902101000,0.9,0.7,2,2,0.5,0.7,2000,-0.4,1,1,1.0
369,0,20,20200902092000,0.9,0.7,2,2,0.5,0.7,20000,-0.4,1,1,1.0
370,0,20,20200902093000,0.9,0.7,2,2,0.5,0.7,20000,-0.4,1,1,1.0
371,0,20,20200902101000,0.9,0.7,2,2,0.5,0.7,20000,-0.4,1,1,1.0
372,0,20,20200902092000,0.9,0.7,5,1,0.3,0.3,100,-0.21,18,12,0.67
373,0,20,20200902093000,0.9,0.7,5,1,0.3,0.3,100,-0.3,34,26,0.76
374,0,20,20200902101000,0.9,0.7,5,1,0.3,0.3,100,-0.24,70,53,0.76
375,0,20,20200902093000,0.9,0.7,5,1,0.3,0.3,2000,-2.67,1,1,1.0
376,0,20,20200902101000,0.9,0.7,5,1,0.3,0.3,2000,-0.68,8,7,0.87
377,0,20,20200902093000,0.9,0.7,5,1,0.3,0.3,20000,-2.67,1,1,1.0
378,0,20,20200902101000,0.9,0.7,5,1,0.3,0.3,20000,-0.73,7,6,0.86
379,0,20,20200902092000,0.9,0.7,5,1,0.3,0.5,100,0.46,5,1,0.2
380,0,20,20200902093000,0.9,0.7,5,1,0.3,0.5,100,-0.31,15,9,0.6
381,0,20,20200902101000,0.9,0.7,5,1,0.3,0.5,100,-0.19,31,15,0.48
382,0,20,20200902093000,0.9,0.7,5,1,0.3,0.5,2000,-2.67,1,1,1.0
383,0,20,20200902101000,0.9,0.7,5,1,0.3,0.5,2000,-0.62,8,4,0.5
384,0,20,20200902093000,0.9,0.7,5,1,0.3,0.5,20000,-2.67,1,1,1.0
385,0,20,20200902101000,0.9,0.7,5,1,0.3,0.5,20000,-0.71,7,4,0.57
386,0,20,20200902092000,0.9,0.7,5,1,0.3,0.7,100,0.55,5,1,0.2
387,0,20,20200902093000,0.9,0.7,5,1,0.3,0.7,100,-0.28,14,8,0.57
388,0,20,20200902101000,0.9,0.7,5,1,0.3,0.7,100,-0.17,30,14,0.47
389,0,20,20200902093000,0.9,0.7,5,1,0.3,0.7,2000,-2.67,1,1,1.0
390,0,20,20200902101000,0.9,0.7,5,1,0.3,0.7,2000,-0.62,8,4,0.5
391,0,20,20200902093000,0.9,0.7,5,1,0.3,0.7,20000,-2.67,1,1,1.0
392,0,20,20200902101000,0.9,0.7,5,1,0.3,0.7,20000,-0.71,7,4,0.57
393,0,20,20200902092000,0.9,0.7,5,1,0.5,0.3,100,-0.12,6,2,0.33
394,0,20,20200902093000,0.9,0.7,5,1,0.5,0.3,100,-0.16,7,3,0.43
395,0,20,20200902101000,0.9,0.7,5,1,0.5,0.3,100,-0.28,17,11,0.65
396,0,20,20200902092000,0.9,0.7,5,1,0.5,0.5,100,1.8,1,0,0.0
397,0,20,20200902093000,0.9,0.7,5,1,0.5,0.5,100,0.64,2,1,0.5
398,0,20,20200902101000,0.9,0.7,5,1,0.5,0.5,100,0.31,5,2,0.4
399,0,20,20200902092000,0.9,0.7,5,1,0.5,0.7,100,1.8,1,0,0.0
400,0,20,20200902093000,0.9,0.7,5,1,0.5,0.7,100,0.64,2,1,0.5
401,0,20,20200902101000,0.9,0.7,5,1,0.5,0.7,100,0.31,5,2,0.4
402,0,20,20200902092000,0.9,0.7,5,2,0.3,0.3,100,-0.21,18,12,0.67
403,0,20,20200902093000,0.9,0.7,5,2,0.3,0.3,100,-0.26,34,26,0.76
404,0,20,20200902101000,0.9,0.7,5,2,0.3,0.3,100,-0.22,70,53,0.76
405,0,20,20200902093000,0.9,0.7,5,2,0.3,0.3,2000,-1.3,1,1,1.0
406,0,20,20200902101000,0.9,0.7,5,2,0.3,0.3,2000,-0.49,8,7,0.87
407,0,20,20200902093000,0.9,0.7,5,2,0.3,0.3,20000,-1.3,1,1,1.0
408,0,20,20200902101000,0.9,0.7,5,2,0.3,0.3,20000,-0.52,7,6,0.86
409,0,20,20200902092000,0.9,0.7,5,2,0.3,0.5,100,0.17,5,1,0.2
410,0,20,20200902093000,0.9,0.7,5,2,0.3,0.5,100,-0.29,16,12,0.75
411,0,20,20200902101000,0.9,0.7,5,2,0.3,0.5,100,-0.17,31,19,0.61
412,0,20,20200902093000,0.9,0.7,5,2,0.3,0.5,2000,-1.3,1,1,1.0
413,0,20,20200902101000,0.9,0.7,5,2,0.3,0.5,2000,-0.4,8,6,0.75
414,0,20,20200902093000,0.9,0.7,5,2,0.3,0.5,20000,-1.3,1,1,1.0
415,0,20,20200902101000,0.9,0.7,5,2,0.3,0.5,20000,-0.5,7,6,0.86
416,0,20,20200902092000,0.9,0.7,5,2,0.3,0.7,100,0.26,5,1,0.2
417,0,20,20200902093000,0.9,0.7,5,2,0.3,0.7,100,-0.26,15,10,0.67
418,0,20,20200902101000,0.9,0.7,5,2,0.3,0.7,100,-0.15,30,17,0.57
419,0,20,20200902093000,0.9,0.7,5,2,0.3,0.7,2000,-1.3,1,1,1.0
420,0,20,20200902101000,0.9,0.7,5,2,0.3,0.7,2000,-0.4,8,6,0.75
421,0,20,20200902093000,0.9,0.7,5,2,0.3,0.7,20000,-1.3,1,1,1.0
422,0,20,20200902101000,0.9,0.7,5,2,0.3,0.7,20000,-0.5,7,6,0.86
423,0,20,20200902092000,0.9,0.7,5,2,0.5,0.3,100,-0.12,6,2,0.33
424,0,20,20200902093000,0.9,0.7,5,2,0.5,0.3,100,-0.16,7,3,0.43
425,0,20,20200902101000,0.9,0.7,5,2,0.5,0.3,100,-0.28,17,11,0.65
426,0,20,20200902092000,0.9,0.7,5,2,0.5,0.5,100,-0.09,1,0,0.0
427,0,20,20200902093000,0.9,0.7,5,2,0.5,0.5,100,-0.24,2,1,0.5
428,0,20,20200902101000,0.9,0.7,5,2,0.5,0.5,100,-0.04,5,2,0.4
429,0,20,20200902092000,0.9,0.7,5,2,0.5,0.7,100,-0.09,1,0,0.0
430,0,20,20200902093000,0.9,0.7,5,2,0.5,0.7,100,-0.24,2,1,0.5
431,0,20,20200902101000,0.9,0.7,5,2,0.5,0.7,100,-0.04,5,2,0.4
432,0,20,20200902092000,0.9,0.7,10,1,0.3,0.3,100,-0.3,13,11,0.85
433,0,20,20200902093000,0.9,0.7,10,1,0.3,0.3,100,-0.3,19,16,0.84
434,0,20,20200902101000,0.9,0.7,10,1,0.3,0.3,100,-0.29,43,34,0.79
435,0,20,20200902101000,0.9,0.7,10,1,0.3,0.3,2000,-0.27,4,3,0.75
436,0,20,20200902101000,0.9,0.7,10,1,0.3,0.3,20000,-0.27,3,2,0.67
437,0,20,20200902092000,0.9,0.7,10,1,0.3,0.5,100,0.54,4,1,0.25
438,0,20,20200902093000,0.9,0.7,10,1,0.3,0.5,100,0.04,7,4,0.57
439,0,20,20200902101000,0.9,0.7,10,1,0.3,0.5,100,-0.05,18,7,0.39
440,0,20,20200902101000,0.9,0.7,10,1,0.3,0.5,2000,-0.12,4,1,0.25
441,0,20,20200902101000,0.9,0.7,10,1,0.3,0.5,20000,-0.17,3,1,0.33
442,0,20,20200902092000,0.9,0.7,10,1,0.3,0.7,100,0.54,4,1,0.25
443,0,20,20200902093000,0.9,0.7,10,1,0.3,0.7,100,0.04,7,4,0.57
444,0,20,20200902101000,0.9,0.7,10,1,0.3,0.7,100,-0.05,18,7,0.39
445,0,20,20200902101000,0.9,0.7,10,1,0.3,0.7,2000,-0.12,4,1,0.25
446,0,20,20200902101000,0.9,0.7,10,1,0.3,0.7,20000,-0.17,3,1,0.33
447,0,20,20200902092000,0.9,0.7,10,1,0.5,0.3,100,-0.41,3,2,0.67
448,0,20,20200902093000,0.9,0.7,10,1,0.5,0.3,100,-0.41,3,2,0.67
449,0,20,20200902101000,0.9,0.7,10,1,0.5,0.3,100,-0.45,11,9,0.82
450,0,20,20200902092000,0.9,0.7,10,1,0.5,0.5,100,1.8,1,0,0.0
451,0,20,20200902093000,0.9,0.7,10,1,0.5,0.5,100,1.8,1,0,0.0
452,0,20,20200902101000,0.9,0.7,10,1,0.5,0.5,100,0.52,4,1,0.25
453,0,20,20200902092000,0.9,0.7,10,1,0.5,0.7,100,1.8,1,0,0.0
454,0,20,20200902093000,0.9,0.7,10,1,0.5,0.7,100,1.8,1,0,0.0
455,0,20,20200902101000,0.9,0.7,10,1,0.5,0.7,100,0.52,4,1,0.25
456,0,20,20200902092000,0.9,0.7,10,2,0.3,0.3,100,-0.3,13,11,0.85
457,0,20,20200902093000,0.9,0.7,10,2,0.3,0.3,100,-0.3,19,16,0.84
458,0,20,20200902101000,0.9,0.7,10,2,0.3,0.3,100,-0.29,43,34,0.79
459,0,20,20200902101000,0.9,0.7,10,2,0.3,0.3,2000,-0.27,4,3,0.75
460,0,20,20200902101000,0.9,0.7,10,2,0.3,0.3,20000,-0.27,3,2,0.67
461,0,20,20200902092000,0.9,0.7,10,2,0.3,0.5,100,0.17,4,1,0.25
462,0,20,20200902093000,0.9,0.7,10,2,0.3,0.5,100,-0.19,8,5,0.62
463,0,20,20200902101000,0.9,0.7,10,2,0.3,0.5,100,-0.14,18,8,0.44
464,0,20,20200902101000,0.9,0.7,10,2,0.3,0.5,2000,-0.08,4,2,0.5
465,0,20,20200902101000,0.9,0.7,10,2,0.3,0.5,20000,-0.23,3,2,0.67
466,0,20,20200902092000,0.9,0.7,10,2,0.3,0.7,100,0.17,4,1,0.25
467,0,20,20200902093000,0.9,0.7,10,2,0.3,0.7,100,-0.19,8,5,0.62
468,0,20,20200902101000,0.9,0.7,10,2,0.3,0.7,100,-0.14,18,8,0.44
469,0,20,20200902101000,0.9,0.7,10,2,0.3,0.7,2000,-0.08,4,2,0.5
470,0,20,20200902101000,0.9,0.7,10,2,0.3,0.7,20000,-0.23,3,2,0.67
471,0,20,20200902092000,0.9,0.7,10,2,0.5,0.3,100,-0.41,3,2,0.67
472,0,20,20200902093000,0.9,0.7,10,2,0.5,0.3,100,-0.41,3,2,0.67
473,0,20,20200902101000,0.9,0.7,10,2,0.5,0.3,100,-0.45,11,9,0.82
474,0,20,20200902092000,0.9,0.7,10,2,0.5,0.5,100,-0.09,1,0,0.0
475,0,20,20200902093000,0.9,0.7,10,2,0.5,0.5,100,-0.09,1,0,0.0
476,0,20,20200902101000,0.9,0.7,10,2,0.5,0.5,100,0.05,4,1,0.25
477,0,20,20200902092000,0.9,0.7,10,2,0.5,0.7,100,-0.09,1,0,0.0
478,0,20,20200902093000,0.9,0.7,10,2,0.5,0.7,100,-0.09,1,0,0.0
479,0,20,20200902101000,0.9,0.7,10,2,0.5,0.7,100,0.05,4,1,0.25
480,0,20,20200902093000,0.9,0.7,100,1,0.3,0.3,100,-0.28,1,1,1.0
481,0,20,20200902101000,0.9,0.7,100,1,0.3,0.3,100,-0.64,2,2,1.0
482,0,20,20200902101000,0.9,0.7,100,1,0.3,0.5,100,-0.38,2,1,0.5
483,0,20,20200902101000,0.9,0.7,100,1,0.3,0.7,100,-0.38,2,1,0.5
484,0,20,20200902101000,0.9,0.7,100,1,0.5,0.3,100,-1.01,1,1,1.0
485,0,20,20200902101000,0.9,0.7,100,1,0.5,0.5,100,-0.28,1,0,0.0
486,0,20,20200902101000,0.9,0.7,100,1,0.5,0.7,100,-0.28,1,0,0.0
487,0,20,20200902093000,0.9,0.7,100,2,0.3,0.3,100,-0.28,1,1,1.0
488,0,20,20200902101000,0.9,0.7,100,2,0.3,0.3,100,-0.64,2,2,1.0
489,0,20,20200902093000,0.9,0.7,100,2,0.3,0.5,100,-0.28,1,1,1.0
490,0,20,20200902101000,0.9,0.7,100,2,0.3,0.5,100,-0.28,2,1,0.5
491,0,20,20200902093000,0.9,0.7,100,2,0.3,0.7,100,-0.28,1,1,1.0
492,0,20,20200902101000,0.9,0.7,100,2,0.3,0.7,100,-0.28,2,1,0.5
493,0,20,20200902101000,0.9,0.7,100,2,0.5,0.3,100,-1.01,1,1,1.0
494,0,20,20200902101000,0.9,0.7,100,2,0.5,0.5,100,-0.28,1,0,0.0
495,0,20,20200902101000,0.9,0.7,100,2,0.5,0.7,100,-0.28,1,0,0.0
496,0,20,20200902091000,0.9,0.9,2,1,0.3,0.3,100,-0.28,1,1,1.0
497,0,20,20200902092000,0.9,0.9,2,1,0.3,0.3,100,-0.24,30,21,0.7
498,0,20,20200902093000,0.9,0.9,2,1,0.3,0.3,100,-0.31,60,46,0.77
499,0,20,20200902101000,0.9,0.9,2,1,0.3,0.3,100,-0.29,122,96,0.79
500,0,20,20200902091000,0.9,0.9,2,1,0.3,0.3,2000,-0.28,1,1,1.0
501,0,20,20200902092000,0.9,0.9,2,1,0.3,0.3,2000,-0.43,8,7,0.87
502,0,20,20200902093000,0.9,0.9,2,1,0.3,0.3,2000,-0.55,16,15,0.94
503,0,20,20200902101000,0.9,0.9,2,1,0.3,0.3,2000,-0.46,35,31,0.89
504,0,20,20200902091000,0.9,0.9,2,1,0.3,0.3,20000,-0.28,1,1,1.0
505,0,20,20200902092000,0.9,0.9,2,1,0.3,0.3,20000,-0.43,8,7,0.87
506,0,20,20200902093000,0.9,0.9,2,1,0.3,0.3,20000,-0.55,16,15,0.94
507,0,20,20200902101000,0.9,0.9,2,1,0.3,0.3,20000,-0.46,34,30,0.88
508,0,20,20200902092000,0.9,0.9,2,1,0.3,0.5,100,-0.06,9,2,0.22
509,0,20,20200902093000,0.9,0.9,2,1,0.3,0.5,100,-0.17,26,9,0.35
510,0,20,20200902101000,0.9,0.9,2,1,0.3,0.5,100,-0.31,54,19,0.35
511,0,20,20200902092000,0.9,0.9,2,1,0.3,0.5,2000,-0.59,4,2,0.5
512,0,20,20200902093000,0.9,0.9,2,1,0.3,0.5,2000,-0.41,12,6,0.5
513,0,20,20200902101000,0.9,0.9,2,1,0.3,0.5,2000,-0.45,26,11,0.42
514,0,20,20200902092000,0.9,0.9,2,1,0.3,0.5,20000,-0.59,4,2,0.5
515,0,20,20200902093000,0.9,0.9,2,1,0.3,0.5,20000,-0.41,12,6,0.5
516,0,20,20200902101000,0.9,0.9,2,1,0.3,0.5,20000,-0.45,25,11,0.44
517,0,20,20200902092000,0.9,0.9,2,1,0.3,0.7,100,-0.01,9,2,0.22
518,0,20,20200902093000,0.9,0.9,2,1,0.3,0.7,100,-0.1,25,5,0.2
519,0,20,20200902101000,0.9,0.9,2,1,0.3,0.7,100,-0.28,51,14,0.27
520,0,20,20200902092000,0.9,0.9,2,1,0.3,0.7,2000,-0.59,4,2,0.5
521,0,20,20200902093000,0.9,0.9,2,1,0.3,0.7,2000,-0.44,12,5,0.42
522,0,20,20200902101000,0.9,0.9,2,1,0.3,0.7,2000,-0.47,25,10,0.4
523,0,20,20200902092000,0.9,0.9,2,1,0.3,0.7,20000,-0.59,4,2,0.5
524,0,20,20200902093000,0.9,0.9,2,1,0.3,0.7,20000,-0.44,12,5,0.42
525,0,20,20200902101000,0.9,0.9,2,1,0.3,0.7,20000,-0.46,24,10,0.42
526,0,20,20200902092000,0.9,0.9,2,1,0.5,0.3,100,-0.16,7,3,0.43
527,0,20,20200902093000,0.9,0.9,2,1,0.5,0.3,100,-0.19,8,4,0.5
528,0,20,20200902101000,0.9,0.9,2,1,0.5,0.3,100,-0.31,21,15,0.71
529,0,20,20200902092000,0.9,0.9,2,1,0.5,0.3,2000,-0.4,1,1,1.0
530,0,20,20200902093000,0.9,0.9,2,1,0.5,0.3,2000,-0.4,1,1,1.0
531,0,20,20200902101000,0.9,0.9,2,1,0.5,0.3,2000,-0.4,1,1,1.0
532,0,20,20200902092000,0.9,0.9,2,1,0.5,0.3,20000,-0.4,1,1,1.0
533,0,20,20200902093000,0.9,0.9,2,1,0.5,0.3,20000,-0.4,1,1,1.0
534,0,20,20200902101000,0.9,0.9,2,1,0.5,0.3,20000,-0.4,1,1,1.0
535,0,20,20200902092000,0.9,0.9,2,1,0.5,0.5,100,1.12,2,0,0.0
536,0,20,20200902093000,0.9,0.9,2,1,0.5,0.5,100,1.12,2,0,0.0
537,0,20,20200902101000,0.9,0.9,2,1,0.5,0.5,100,0.33,6,1,0.17
538,0,20,20200902092000,0.9,0.9,2,1,0.5,0.5,2000,0.45,1,0,0.0
539,0,20,20200902093000,0.9,0.9,2,1,0.5,0.5,2000,0.45,1,0,0.0
540,0,20,20200902101000,0.9,0.9,2,1,0.5,0.5,2000,0.45,1,0,0.0
541,0,20,20200902092000,0.9,0.9,2,1,0.5,0.5,20000,0.45,1,0,0.0
542,0,20,20200902093000,0.9,0.9,2,1,0.5,0.5,20000,0.45,1,0,0.0
543,0,20,20200902101000,0.9,0.9,2,1,0.5,0.5,20000,0.45,1,0,0.0
544,0,20,20200902092000,0.9,0.9,2,1,0.5,0.7,100,1.12,2,0,0.0
545,0,20,20200902093000,0.9,0.9,2,1,0.5,0.7,100,1.12,2,0,0.0
546,0,20,20200902101000,0.9,0.9,2,1,0.5,0.7,100,0.1,5,1,0.2
547,0,20,20200902092000,0.9,0.9,2,1,0.5,0.7,2000,0.45,1,0,0.0
548,0,20,20200902093000,0.9,0.9,2,1,0.5,0.7,2000,0.45,1,0,0.0
549,0,20,20200902101000,0.9,0.9,2,1,0.5,0.7,2000,0.45,1,0,0.0
550,0,20,20200902092000,0.9,0.9,2,1,0.5,0.7,20000,0.45,1,0,0.0
551,0,20,20200902093000,0.9,0.9,2,1,0.5,0.7,20000,0.45,1,0,0.0
552,0,20,20200902101000,0.9,0.9,2,1,0.5,0.7,20000,0.45,1,0,0.0
553,0,20,20200902091000,0.9,0.9,2,2,0.3,0.3,100,-0.28,1,1,1.0
554,0,20,20200902092000,0.9,0.9,2,2,0.3,0.3,100,-0.24,30,21,0.7
555,0,20,20200902093000,0.9,0.9,2,2,0.3,0.3,100,-0.3,60,47,0.78
556,0,20,20200902101000,0.9,0.9,2,2,0.3,0.3,100,-0.28,122,97,0.8
557,0,20,20200902091000,0.9,0.9,2,2,0.3,0.3,2000,-0.28,1,1,1.0
558,0,20,20200902092000,0.9,0.9,2,2,0.3,0.3,2000,-0.43,8,7,0.87
559,0,20,20200902093000,0.9,0.9,2,2,0.3,0.3,2000,-0.55,16,15,0.94
560,0,20,20200902101000,0.9,0.9,2,2,0.3,0.3,2000,-0.45,35,31,0.89
561,0,20,20200902091000,0.9,0.9,2,2,0.3,0.3,20000,-0.28,1,1,1.0
562,0,20,20200902092000,0.9,0.9,2,2,0.3,0.3,20000,-0.43,8,7,0.87
563,0,20,20200902093000,0.9,0.9,2,2,0.3,0.3,20000,-0.55,16,15,0.94
564,0,20,20200902101000,0.9,0.9,2,2,0.3,0.3,20000,-0.46,34,30,0.88
565,0,20,20200902091000,0.9,0.9,2,2,0.3,0.5,100,-0.28,1,1,1.0
566,0,20,20200902092000,0.9,0.9,2,2,0.3,0.5,100,0.04,10,4,0.4
567,0,20,20200902093000,0.9,0.9,2,2,0.3,0.5,100,-0.18,27,15,0.56
568,0,20,20200902101000,0.9,0.9,2,2,0.3,0.5,100,-0.28,56,32,0.57
569,0,20,20200902091000,0.9,0.9,2,2,0.3,0.5,2000,-0.28,1,1,1.0
570,0,20,20200902092000,0.9,0.9,2,2,0.3,0.5,2000,-0.34,5,3,0.6
571,0,20,20200902093000,0.9,0.9,2,2,0.3,0.5,2000,-0.46,12,8,0.67
572,0,20,20200902101000,0.9,0.9,2,2,0.3,0.5,2000,-0.51,26,16,0.62
573,0,20,20200902091000,0.9,0.9,2,2,0.3,0.5,20000,-0.28,1,1,1.0
574,0,20,20200902092000,0.9,0.9,2,2,0.3,0.5,20000,-0.34,5,3,0.6
575,0,20,20200902093000,0.9,0.9,2,2,0.3,0.5,20000,-0.46,12,8,0.67
576,0,20,20200902101000,0.9,0.9,2,2,0.3,0.5,20000,-0.53,25,16,0.64
577,0,20,20200902091000,0.9,0.9,2,2,0.3,0.7,100,-0.28,1,1,1.0
578,0,20,20200902092000,0.9,0.9,2,2,0.3,0.7,100,0.04,10,4,0.4
579,0,20,20200902093000,0.9,0.9,2,2,0.3,0.7,100,-0.2,26,13,0.5
580,0,20,20200902101000,0.9,0.9,2,2,0.3,0.7,100,-0.29,53,29,0.55
581,0,20,20200902091000,0.9,0.9,2,2,0.3,0.7,2000,-0.28,1,1,1.0
582,0,20,20200902092000,0.9,0.9,2,2,0.3,0.7,2000,-0.34,5,3,0.6
583,0,20,20200902093000,0.9,0.9,2,2,0.3,0.7,2000,-0.51,12,8,0.67
584,0,20,20200902101000,0.9,0.9,2,2,0.3,0.7,2000,-0.53,25,16,0.64
585,0,20,20200902091000,0.9,0.9,2,2,0.3,0.7,20000,-0.28,1,1,1.0
586,0,20,20200902092000,0.9,0.9,2,2,0.3,0.7,20000,-0.34,5,3,0.6
587,0,20,20200902093000,0.9,0.9,2,2,0.3,0.7,20000,-0.51,12,8,0.67
588,0,20,20200902101000,0.9,0.9,2,2,0.3,0.7,20000,-0.56,24,16,0.67
589,0,20,20200902092000,0.9,0.9,2,2,0.5,0.3,100,-0.16,7,3,0.43
590,0,20,20200902093000,0.9,0.9,2,2,0.5,0.3,100,-0.19,8,4,0.5
591,0,20,20200902101000,0.9,0.9,2,2,0.5,0.3,100,-0.31,21,15,0.71
592,0,20,20200902092000,0.9,0.9,2,2,0.5,0.3,2000,-0.4,1,1,1.0
593,0,20,20200902093000,0.9,0.9,2,2,0.5,0.3,2000,-0.4,1,1,1.0
594,0,20,20200902101000,0.9,0.9,2,2,0.5,0.3,2000,-0.4,1,1,1.0
595,0,20,20200902092000,0.9,0.9,2,2,0.5,0.3,20000,-0.4,1,1,1.0
596,0,20,20200902093000,0.9,0.9,2,2,0.5,0.3,20000,-0.4,1,1,1.0
597,0,20,20200902101000,0.9,0.9,2,2,0.5,0.3,20000,-0.4,1,1,1.0
598,0,20,20200902092000,0.9,0.9,2,2,0.5,0.5,100,0.94,2,0,0.0
599,0,20,20200902093000,0.9,0.9,2,2,0.5,0.5,100,0.42,3,1,0.33
600,0,20,20200902101000,0.9,0.9,2,2,0.5,0.5,100,0.21,7,3,0.43
601,0,20,20200902092000,0.9,0.9,2,2,0.5,0.5,2000,0.09,1,0,0.0
602,0,20,20200902093000,0.9,0.9,2,2,0.5,0.5,2000,0.09,1,0,0.0
603,0,20,20200902101000,0.9,0.9,2,2,0.5,0.5,2000,0.09,1,0,0.0
604,0,20,20200902092000,0.9,0.9,2,2,0.5,0.5,20000,0.09,1,0,0.0
605,0,20,20200902093000,0.9,0.9,2,2,0.5,0.5,20000,0.09,1,0,0.0
606,0,20,20200902101000,0.9,0.9,2,2,0.5,0.5,20000,0.09,1,0,0.0
607,0,20,20200902092000,0.9,0.9,2,2,0.5,0.7,100,0.94,2,0,0.0
608,0,20,20200902093000,0.9,0.9,2,2,0.5,0.7,100,0.42,3,1,0.33
609,0,20,20200902101000,0.9,0.9,2,2,0.5,0.7,100,-0.0,6,3,0.5
610,0,20,20200902092000,0.9,0.9,2,2,0.5,0.7,2000,0.09,1,0,0.0
611,0,20,20200902093000,0.9,0.9,2,2,0.5,0.7,2000,0.09,1,0,0.0
612,0,20,20200902101000,0.9,0.9,2,2,0.5,0.7,2000,0.09,1,0,0.0
613,0,20,20200902092000,0.9,0.9,2,2,0.5,0.7,20000,0.09,1,0,0.0
614,0,20,20200902093000,0.9,0.9,2,2,0.5,0.7,20000,0.09,1,0,0.0
615,0,20,20200902101000,0.9,0.9,2,2,0.5,0.7,20000,0.09,1,0,0.0
616,0,20,20200902092000,0.9,0.9,5,1,0.3,0.3,100,-0.21,18,12,0.67
617,0,20,20200902093000,0.9,0.9,5,1,0.3,0.3,100,-0.31,34,25,0.74
618,0,20,20200902101000,0.9,0.9,5,1,0.3,0.3,100,-0.25,70,51,0.73
619,0,20,20200902093000,0.9,0.9,5,1,0.3,0.3,2000,-2.67,1,1,1.0
620,0,20,20200902101000,0.9,0.9,5,1,0.3,0.3,2000,-0.68,8,6,0.75
621,0,20,20200902093000,0.9,0.9,5,1,0.3,0.3,20000,-2.67,1,1,1.0
622,0,20,20200902101000,0.9,0.9,5,1,0.3,0.3,20000,-0.73,7,5,0.71
623,0,20,20200902092000,0.9,0.9,5,1,0.3,0.5,100,0.29,5,0,0.0
624,0,20,20200902093000,0.9,0.9,5,1,0.3,0.5,100,-0.38,14,4,0.29
625,0,20,20200902101000,0.9,0.9,5,1,0.3,0.5,100,-0.36,30,6,0.2
626,0,20,20200902093000,0.9,0.9,5,1,0.3,0.5,2000,-2.67,1,1,1.0
627,0,20,20200902101000,0.9,0.9,5,1,0.3,0.5,2000,-0.71,8,2,0.25
628,0,20,20200902093000,0.9,0.9,5,1,0.3,0.5,20000,-2.67,1,1,1.0
629,0,20,20200902101000,0.9,0.9,5,1,0.3,0.5,20000,-0.73,7,2,0.29
630,0,20,20200902092000,0.9,0.9,5,1,0.3,0.7,100,0.38,5,0,0.0
631,0,20,20200902093000,0.9,0.9,5,1,0.3,0.7,100,-0.21,13,1,0.08
632,0,20,20200902101000,0.9,0.9,5,1,0.3,0.7,100,-0.34,28,3,0.11
633,0,20,20200902093000,0.9,0.9,5,1,0.3,0.7,2000,-2.67,1,1,1.0
634,0,20,20200902101000,0.9,0.9,5,1,0.3,0.7,2000,-0.71,8,2,0.25
635,0,20,20200902093000,0.9,0.9,5,1,0.3,0.7,20000,-2.67,1,1,1.0
636,0,20,20200902101000,0.9,0.9,5,1,0.3,0.7,20000,-0.73,7,2,0.29
637,0,20,20200902092000,0.9,0.9,5,1,0.5,0.3,100,-0.12,6,2,0.33
638,0,20,20200902093000,0.9,0.9,5,1,0.5,0.3,100,-0.16,7,3,0.43
639,0,20,20200902101000,0.9,0.9,5,1,0.5,0.3,100,-0.28,17,11,0.65
640,0,20,20200902092000,0.9,0.9,5,1,0.5,0.5,100,1.8,1,0,0.0
641,0,20,20200902093000,0.9,0.9,5,1,0.5,0.5,100,1.8,1,0,0.0
642,0,20,20200902101000,0.9,0.9,5,1,0.5,0.5,100,0.46,4,0,0.0
643,0,20,20200902092000,0.9,0.9,5,1,0.5,0.7,100,1.8,1,0,0.0
644,0,20,20200902093000,0.9,0.9,5,1,0.5,0.7,100,1.8,1,0,0.0
645,0,20,20200902101000,0.9,0.9,5,1,0.5,0.7,100,0.17,3,0,0.0
646,0,20,20200902092000,0.9,0.9,5,2,0.3,0.3,100,-0.21,18,12,0.67
647,0,20,20200902093000,0.9,0.9,5,2,0.3,0.3,100,-0.3,34,26,0.76
648,0,20,20200902101000,0.9,0.9,5,2,0.3,0.3,100,-0.24,70,52,0.74
649,0,20,20200902093000,0.9,0.9,5,2,0.3,0.3,2000,-2.67,1,1,1.0
650,0,20,20200902101000,0.9,0.9,5,2,0.3,0.3,2000,-0.68,8,6,0.75
651,0,20,20200902093000,0.9,0.9,5,2,0.3,0.3,20000,-2.67,1,1,1.0
652,0,20,20200902101000,0.9,0.9,5,2,0.3,0.3,20000,-0.73,7,5,0.71
653,0,20,20200902092000,0.9,0.9,5,2,0.3,0.5,100,0.34,5,1,0.2
654,0,20,20200902093000,0.9,0.9,5,2,0.3,0.5,100,-0.33,15,8,0.53
655,0,20,20200902101000,0.9,0.9,5,2,0.3,0.5,100,-0.21,30,13,0.43
656,0,20,20200902093000,0.9,0.9,5,2,0.3,0.5,2000,-2.67,1,1,1.0
657,0,20,20200902101000,0.9,0.9,5,2,0.3,0.5,2000,-0.68,8,3,0.37
658,0,20,20200902093000,0.9,0.9,5,2,0.3,0.5,20000,-2.67,1,1,1.0
659,0,20,20200902101000,0.9,0.9,5,2,0.3,0.5,20000,-0.78,7,3,0.43
660,0,20,20200902092000,0.9,0.9,5,2,0.3,0.7,100,0.34,5,1,0.2
661,0,20,20200902093000,0.9,0.9,5,2,0.3,0.7,100,-0.34,14,6,0.43
662,0,20,20200902101000,0.9,0.9,5,2,0.3,0.7,100,-0.26,28,11,0.39
663,0,20,20200902093000,0.9,0.9,5,2,0.3,0.7,2000,-2.67,1,1,1.0
664,0,20,20200902101000,0.9,0.9,5,2,0.3,0.7,2000,-0.68,8,3,0.37
665,0,20,20200902093000,0.9,0.9,5,2,0.3,0.7,20000,-2.67,1,1,1.0
666,0,20,20200902101000,0.9,0.9,5,2,0.3,0.7,20000,-0.78,7,3,0.43
667,0,20,20200902092000,0.9,0.9,5,2,0.5,0.3,100,-0.12,6,2,0.33
668,0,20,20200902093000,0.9,0.9,5,2,0.5,0.3,100,-0.16,7,3,0.43
669,0,20,20200902101000,0.9,0.9,5,2,0.5,0.3,100,-0.28,17,11,0.65
670,0,20,20200902092000,0.9,0.9,5,2,0.5,0.5,100,1.8,1,0,0.0
671,0,20,20200902093000,0.9,0.9,5,2,0.5,0.5,100,0.58,2,1,0.5
672,0,20,20200902101000,0.9,0.9,5,2,0.5,0.5,100,0.59,4,1,0.25
673,0,20,20200902092000,0.9,0.9,5,2,0.5,0.7,100,1.8,1,0,0.0
674,0,20,20200902093000,0.9,0.9,5,2,0.5,0.7,100,0.58,2,1,0.5
675,0,20,20200902101000,0.9,0.9,5,2,0.5,0.7,100,0.35,3,1,0.33
676,0,20,20200902092000,0.9,0.9,10,1,0.3,0.3,100,-0.3,13,11,0.85
677,0,20,20200902093000,0.9,0.9,10,1,0.3,0.3,100,-0.33,19,16,0.84
678,0,20,20200902101000,0.9,0.9,10,1,0.3,0.3,100,-0.3,43,34,0.79
679,0,20,20200902101000,0.9,0.9,10,1,0.3,0.3,2000,-0.27,4,3,0.75
680,0,20,20200902101000,0.9,0.9,10,1,0.3,0.3,20000,-0.27,3,2,0.67
681,0,20,20200902092000,0.9,0.9,10,1,0.3,0.5,100,0.32,4,0,0.0
682,0,20,20200902093000,0.9,0.9,10,1,0.3,0.5,100,-0.12,7,1,0.14
683,0,20,20200902101000,0.9,0.9,10,1,0.3,0.5,100,-0.19,17,1,0.06
684,0,20,20200902101000,0.9,0.9,10,1,0.3,0.5,2000,-0.26,4,0,0.0
685,0,20,20200902101000,0.9,0.9,10,1,0.3,0.5,20000,-0.14,3,0,0.0
686,0,20,20200902092000,0.9,0.9,10,1,0.3,0.7,100,0.32,4,0,0.0
687,0,20,20200902093000,0.9,0.9,10,1,0.3,0.7,100,-0.05,7,1,0.14
688,0,20,20200902101000,0.9,0.9,10,1,0.3,0.7,100,-0.25,16,1,0.06
689,0,20,20200902101000,0.9,0.9,10,1,0.3,0.7,2000,-0.26,4,0,0.0
690,0,20,20200902101000,0.9,0.9,10,1,0.3,0.7,20000,-0.14,3,0,0.0
691,0,20,20200902092000,0.9,0.9,10,1,0.5,0.3,100,-0.41,3,2,0.67
692,0,20,20200902093000,0.9,0.9,10,1,0.5,0.3,100,-0.41,3,2,0.67
693,0,20,20200902101000,0.9,0.9,10,1,0.5,0.3,100,-0.45,11,9,0.82
694,0,20,20200902092000,0.9,0.9,10,1,0.5,0.5,100,1.8,1,0,0.0
695,0,20,20200902093000,0.9,0.9,10,1,0.5,0.5,100,1.8,1,0,0.0
696,0,20,20200902101000,0.9,0.9,10,1,0.5,0.5,100,0.94,3,0,0.0
697,0,20,20200902092000,0.9,0.9,10,1,0.5,0.7,100,1.8,1,0,0.0
698,0,20,20200902093000,0.9,0.9,10,1,0.5,0.7,100,1.8,1,0,0.0
699,0,20,20200902101000,0.9,0.9,10,1,0.5,0.7,100,0.76,2,0,0.0
700,0,20,20200902092000,0.9,0.9,10,2,0.3,0.3,100,-0.3,13,11,0.85
701,0,20,20200902093000,0.9,0.9,10,2,0.3,0.3,100,-0.3,19,16,0.84
702,0,20,20200902101000,0.9,0.9,10,2,0.3,0.3,100,-0.29,43,34,0.79
703,0,20,20200902101000,0.9,0.9,10,2,0.3,0.3,2000,-0.27,4,3,0.75
704,0,20,20200902101000,0.9,0.9,10,2,0.3,0.3,20000,-0.27,3,2,0.67
705,0,20,20200902092000,0.9,0.9,10,2,0.3,0.5,100,0.39,4,1,0.25
706,0,20,20200902093000,0.9,0.9,10,2,0.3,0.5,100,0.01,7,3,0.43
707,0,20,20200902101000,0.9,0.9,10,2,0.3,0.5,100,-0.07,17,5,0.29
708,0,20,20200902101000,0.9,0.9,10,2,0.3,0.5,2000,-0.27,4,0,0.0
709,0,20,20200902101000,0.9,0.9,10,2,0.3,0.5,20000,-0.37,3,0,0.0
710,0,20,20200902092000,0.9,0.9,10,2,0.3,0.7,100,0.39,4,1,0.25
711,0,20,20200902093000,0.9,0.9,10,2,0.3,0.7,100,0.01,7,3,0.43
712,0,20,20200902101000,0.9,0.9,10,2,0.3,0.7,100,-0.16,16,5,0.31
713,0,20,20200902101000,0.9,0.9,10,2,0.3,0.7,2000,-0.27,4,0,0.0
714,0,20,20200902101000,0.9,0.9,10,2,0.3,0.7,20000,-0.37,3,0,0.0
715,0,20,20200902092000,0.9,0.9,10,2,0.5,0.3,100,-0.41,3,2,0.67
716,0,20,20200902093000,0.9,0.9,10,2,0.5,0.3,100,-0.41,3,2,0.67
717,0,20,20200902101000,0.9,0.9,10,2,0.5,0.3,100,-0.45,11,9,0.82
718,0,20,20200902092000,0.9,0.9,10,2,0.5,0.5,100,1.8,1,0,0.0
719,0,20,20200902093000,0.9,0.9,10,2,0.5,0.5,100,1.8,1,0,0.0
720,0,20,20200902101000,0.9,0.9,10,2,0.5,0.5,100,1.0,3,0,0.0
721,0,20,20200902092000,0.9,0.9,10,2,0.5,0.7,100,1.8,1,0,0.0
722,0,20,20200902093000,0.9,0.9,10,2,0.5,0.7,100,1.8,1,0,0.0
723,0,20,20200902101000,0.9,0.9,10,2,0.5,0.7,100,0.85,2,0,0.0
724,0,20,20200902093000,0.9,0.9,100,1,0.3,0.3,100,-0.28,1,1,1.0
725,0,20,20200902101000,0.9,0.9,100,1,0.3,0.3,100,-0.64,2,2,1.0
726,0,20,20200902101000,0.9,0.9,100,1,0.3,0.5,100,-0.6,2,0,0.0
727,0,20,20200902101000,0.9,0.9,100,1,0.3,0.7,100,-0.6,2,0,0.0
728,0,20,20200902101000,0.9,0.9,100,1,0.5,0.3,100,-1.01,1,1,1.0
729,0,20,20200902101000,0.9,0.9,100,1,0.5,0.5,100,-0.28,1,0,0.0
730,0,20,20200902101000,0.9,0.9,100,1,0.5,0.7,100,-0.28,1,0,0.0
731,0,20,20200902093000,0.9,0.9,100,2,0.3,0.3,100,-0.28,1,1,1.0
732,0,20,20200902101000,0.9,0.9,100,2,0.3,0.3,100,-0.64,2,2,1.0
733,0,20,20200902101000,0.9,0.9,100,2,0.3,0.5,100,-0.51,2,1,0.5
734,0,20,20200902101000,0.9,0.9,100,2,0.3,0.7,100,-0.51,2,1,0.5
735,0,20,20200902101000,0.9,0.9,100,2,0.5,0.3,100,-1.01,1,1,1.0
736,0,20,20200902101000,0.9,0.9,100,2,0.5,0.5,100,-0.1,1,0,0.0
737,0,20,20200902101000,0.9,0.9,100,2,0.5,0.7,100,-0.1,1,0,0.0
738,0,20,20200902092000,0.95,0.5,2,1,0.3,0.3,100,-0.29,22,17,0.77
739,0,20,20200902093000,0.95,0.5,2,1,0.3,0.3,100,-0.3,31,25,0.81
740,0,20,20200902101000,0.95,0.5,2,1,0.3,0.3,100,-0.27,70,56,0.8
741,0,20,20200902092000,0.95,0.5,2,1,0.3,0.3,2000,-0.55,6,6,1.0
742,0,20,20200902093000,0.95,0.5,2,1,0.3,0.3,2000,-0.64,8,8,1.0
743,0,20,20200902101000,0.95,0.5,2,1,0.3,0.3,2000,-0.48,22,21,0.95
744,0,20,20200902092000,0.95,0.5,2,1,0.3,0.3,20000,-0.55,6,6,1.0
745,0,20,20200902093000,0.95,0.5,2,1,0.3,0.3,20000,-0.64,8,8,1.0
746,0,20,20200902101000,0.95,0.5,2,1,0.3,0.3,20000,-0.5,21,20,0.95
747,0,20,20200902092000,0.95,0.5,2,1,0.3,0.5,100,-0.3,8,6,0.75
748,0,20,20200902093000,0.95,0.5,2,1,0.3,0.5,100,-0.29,17,14,0.82
749,0,20,20200902101000,0.95,0.5,2,1,0.3,0.5,100,-0.26,36,28,0.78
750,0,20,20200902092000,0.95,0.5,2,1,0.3,0.5,2000,-0.69,4,4,1.0
751,0,20,20200902093000,0.95,0.5,2,1,0.3,0.5,2000,-0.44,7,6,0.86
752,0,20,20200902101000,0.95,0.5,2,1,0.3,0.5,2000,-0.41,19,16,0.84
753,0,20,20200902092000,0.95,0.5,2,1,0.3,0.5,20000,-0.69,4,4,1.0
754,0,20,20200902093000,0.95,0.5,2,1,0.3,0.5,20000,-0.44,7,6,0.86
755,0,20,20200902101000,0.95,0.5,2,1,0.3,0.5,20000,-0.47,18,16,0.89
756,0,20,20200902092000,0.95,0.5,2,1,0.3,0.7,100,-0.3,8,6,0.75
757,0,20,20200902093000,0.95,0.5,2,1,0.3,0.7,100,-0.29,17,14,0.82
758,0,20,20200902101000,0.95,0.5,2,1,0.3,0.7,100,-0.26,36,28,0.78
759,0,20,20200902092000,0.95,0.5,2,1,0.3,0.7,2000,-0.69,4,4,1.0
760,0,20,20200902093000,0.95,0.5,2,1,0.3,0.7,2000,-0.44,7,6,0.86
761,0,20,20200902101000,0.95,0.5,2,1,0.3,0.7,2000,-0.41,19,16,0.84
762,0,20,20200902092000,0.95,0.5,2,1,0.3,0.7,20000,-0.69,4,4,1.0
763,0,20,20200902093000,0.95,0.5,2,1,0.3,0.7,20000,-0.44,7,6,0.86
764,0,20,20200902101000,0.95,0.5,2,1,0.3,0.7,20000,-0.47,18,16,0.89
765,0,20,20200902092000,0.95,0.5,2,1,0.5,0.3,100,-0.16,7,3,0.43
766,0,20,20200902093000,0.95,0.5,2,1,0.5,0.3,100,-0.19,8,4,0.5
767,0,20,20200902101000,0.95,0.5,2,1,0.5,0.3,100,-0.3,20,14,0.7
768,0,20,20200902092000,0.95,0.5,2,1,0.5,0.3,2000,-0.4,1,1,1.0
769,0,20,20200902093000,0.95,0.5,2,1,0.5,0.3,2000,-0.4,1,1,1.0
770,0,20,20200902101000,0.95,0.5,2,1,0.5,0.3,2000,-0.4,1,1,1.0
771,0,20,20200902092000,0.95,0.5,2,1,0.5,0.3,20000,-0.4,1,1,1.0
772,0,20,20200902093000,0.95,0.5,2,1,0.5,0.3,20000,-0.4,1,1,1.0
773,0,20,20200902101000,0.95,0.5,2,1,0.5,0.3,20000,-0.4,1,1,1.0
774,0,20,20200902092000,0.95,0.5,2,1,0.5,0.5,100,-0.15,2,1,0.5
775,0,20,20200902093000,0.95,0.5,2,1,0.5,0.5,100,-0.23,3,2,0.67
776,0,20,20200902101000,0.95,0.5,2,1,0.5,0.5,100,-0.13,7,5,0.71
777,0,20,20200902092000,0.95,0.5,2,1,0.5,0.5,2000,-0.4,1,1,1.0
778,0,20,20200902093000,0.95,0.5,2,1,0.5,0.5,2000,-0.4,1,1,1.0
779,0,20,20200902101000,0.95,0.5,2,1,0.5,0.5,2000,-0.4,1,1,1.0
780,0,20,20200902092000,0.95,0.5,2,1,0.5,0.5,20000,-0.4,1,1,1.0
781,0,20,20200902093000,0.95,0.5,2,1,0.5,0.5,20000,-0.4,1,1,1.0
782,0,20,20200902101000,0.95,0.5,2,1,0.5,0.5,20000,-0.4,1,1,1.0
783,0,20,20200902092000,0.95,0.5,2,1,0.5,0.7,100,-0.15,2,1,0.5
784,0,20,20200902093000,0.95,0.5,2,1,0.5,0.7,100,-0.23,3,2,0.67
785,0,20,20200902101000,0.95,0.5,2,1,0.5,0.7,100,-0.16,7,5,0.71
786,0,20,20200902092000,0.95,0.5,2,1,0.5,0.7,2000,-0.4,1,1,1.0
787,0,20,20200902093000,0.95,0.5,2,1,0.5,0.7,2000,-0.4,1,1,1.0
788,0,20,20200902101000,0.95,0.5,2,1,0.5,0.7,2000,-0.4,1,1,1.0
789,0,20,20200902092000,0.95,0.5,2,1,0.5,0.7,20000,-0.4,1,1,1.0
790,0,20,20200902093000,0.95,0.5,2,1,0.5,0.7,20000,-0.4,1,1,1.0
791,0,20,20200902101000,0.95,0.5,2,1,0.5,0.7,20000,-0.4,1,1,1.0
792,0,20,20200902092000,0.95,0.5,2,2,0.3,0.3,100,-0.29,22,17,0.77
793,0,20,20200902093000,0.95,0.5,2,2,0.3,0.3,100,-0.3,31,25,0.81
794,0,20,20200902101000,0.95,0.5,2,2,0.3,0.3,100,-0.27,70,56,0.8
795,0,20,20200902092000,0.95,0.5,2,2,0.3,0.3,2000,-0.55,6,6,1.0
796,0,20,20200902093000,0.95,0.5,2,2,0.3,0.3,2000,-0.64,8,8,1.0
797,0,20,20200902101000,0.95,0.5,2,2,0.3,0.3,2000,-0.46,22,21,0.95
798,0,20,20200902092000,0.95,0.5,2,2,0.3,0.3,20000,-0.55,6,6,1.0
799,0,20,20200902093000,0.95,0.5,2,2,0.3,0.3,20000,-0.64,8,8,1.0
800,0,20,20200902101000,0.95,0.5,2,2,0.3,0.3,20000,-0.48,21,20,0.95
801,0,20,20200902092000,0.95,0.5,2,2,0.3,0.5,100,-0.3,12,10,0.83
802,0,20,20200902093000,0.95,0.5,2,2,0.3,0.5,100,-0.32,21,18,0.86
803,0,20,20200902101000,0.95,0.5,2,2,0.3,0.5,100,-0.27,41,33,0.8
804,0,20,20200902092000,0.95,0.5,2,2,0.3,0.5,2000,-0.6,5,5,1.0
805,0,20,20200902093000,0.95,0.5,2,2,0.3,0.5,2000,-0.53,8,7,0.87
806,0,20,20200902101000,0.95,0.5,2,2,0.3,0.5,2000,-0.41,21,18,0.86
807,0,20,20200902092000,0.95,0.5,2,2,0.3,0.5,20000,-0.6,5,5,1.0
808,0,20,20200902093000,0.95,0.5,2,2,0.3,0.5,20000,-0.53,8,7,0.87
809,0,20,20200902101000,0.95,0.5,2,2,0.3,0.5,20000,-0.46,20,18,0.9
810,0,20,20200902092000,0.95,0.5,2,2,0.3,0.7,100,-0.3,12,10,0.83
811,0,20,20200902093000,0.95,0.5,2,2,0.3,0.7,100,-0.32,21,18,0.86
812,0,20,20200902101000,0.95,0.5,2,2,0.3,0.7,100,-0.27,41,33,0.8
813,0,20,20200902092000,0.95,0.5,2,2,0.3,0.7,2000,-0.6,5,5,1.0
814,0,20,20200902093000,0.95,0.5,2,2,0.3,0.7,2000,-0.53,8,7,0.87
815,0,20,20200902101000,0.95,0.5,2,2,0.3,0.7,2000,-0.41,21,18,0.86
816,0,20,20200902092000,0.95,0.5,2,2,0.3,0.7,20000,-0.6,5,5,1.0
817,0,20,20200902093000,0.95,0.5,2,2,0.3,0.7,20000,-0.53,8,7,0.87
818,0,20,20200902101000,0.95,0.5,2,2,0.3,0.7,20000,-0.46,20,18,0.9
819,0,20,20200902092000,0.95,0.5,2,2,0.5,0.3,100,-0.16,7,3,0.43
820,0,20,20200902093000,0.95,0.5,2,2,0.5,0.3,100,-0.19,8,4,0.5
821,0,20,20200902101000,0.95,0.5,2,2,0.5,0.3,100,-0.3,20,14,0.7
822,0,20,20200902092000,0.95,0.5,2,2,0.5,0.3,2000,-0.4,1,1,1.0
823,0,20,20200902093000,0.95,0.5,2,2,0.5,0.3,2000,-0.4,1,1,1.0
824,0,20,20200902101000,0.95,0.5,2,2,0.5,0.3,2000,-0.4,1,1,1.0
825,0,20,20200902092000,0.95,0.5,2,2,0.5,0.3,20000,-0.4,1,1,1.0
826,0,20,20200902093000,0.95,0.5,2,2,0.5,0.3,20000,-0.4,1,1,1.0
827,0,20,20200902101000,0.95,0.5,2,2,0.5,0.3,20000,-0.4,1,1,1.0
828,0,20,20200902092000,0.95,0.5,2,2,0.5,0.5,100,-0.13,3,2,0.67
829,0,20,20200902093000,0.95,0.5,2,2,0.5,0.5,100,-0.17,4,3,0.75
830,0,20,20200902101000,0.95,0.5,2,2,0.5,0.5,100,-0.11,8,6,0.75
831,0,20,20200902092000,0.95,0.5,2,2,0.5,0.5,2000,-0.4,1,1,1.0
832,0,20,20200902093000,0.95,0.5,2,2,0.5,0.5,2000,-0.4,1,1,1.0
833,0,20,20200902101000,0.95,0.5,2,2,0.5,0.5,2000,-0.4,1,1,1.0
834,0,20,20200902092000,0.95,0.5,2,2,0.5,0.5,20000,-0.4,1,1,1.0
835,0,20,20200902093000,0.95,0.5,2,2,0.5,0.5,20000,-0.4,1,1,1.0
836,0,20,20200902101000,0.95,0.5,2,2,0.5,0.5,20000,-0.4,1,1,1.0
837,0,20,20200902092000,0.95,0.5,2,2,0.5,0.7,100,-0.13,3,2,0.67
838,0,20,20200902093000,0.95,0.5,2,2,0.5,0.7,100,-0.17,4,3,0.75
839,0,20,20200902101000,0.95,0.5,2,2,0.5,0.7,100,-0.14,8,6,0.75
840,0,20,20200902092000,0.95,0.5,2,2,0.5,0.7,2000,-0.4,1,1,1.0
841,0,20,20200902093000,0.95,0.5,2,2,0.5,0.7,2000,-0.4,1,1,1.0
842,0,20,20200902101000,0.95,0.5,2,2,0.5,0.7,2000,-0.4,1,1,1.0
843,0,20,20200902092000,0.95,0.5,2,2,0.5,0.7,20000,-0.4,1,1,1.0
844,0,20,20200902093000,0.95,0.5,2,2,0.5,0.7,20000,-0.4,1,1,1.0
845,0,20,20200902101000,0.95,0.5,2,2,0.5,0.7,20000,-0.4,1,1,1.0
846,0,20,20200902092000,0.95,0.5,5,1,0.3,0.3,100,-0.23,14,10,0.71
847,0,20,20200902093000,0.95,0.5,5,1,0.3,0.3,100,-0.23,17,13,0.76
848,0,20,20200902101000,0.95,0.5,5,1,0.3,0.3,100,-0.27,41,30,0.73
849,0,20,20200902101000,0.95,0.5,5,1,0.3,0.3,2000,-0.49,5,4,0.8
850,0,20,20200902101000,0.95,0.5,5,1,0.3,0.3,20000,-0.55,4,3,0.75
851,0,20,20200902092000,0.95,0.5,5,1,0.3,0.5,100,0.2,3,1,0.33
852,0,20,20200902093000,0.95,0.5,5,1,0.3,0.5,100,-0.02,5,3,0.6
853,0,20,20200902101000,0.95,0.5,5,1,0.3,0.5,100,-0.15,13,7,0.54
854,0,20,20200902101000,0.95,0.5,5,1,0.3,0.5,2000,-0.34,5,3,0.6
855,0,20,20200902101000,0.95,0.5,5,1,0.3,0.5,20000,-0.51,4,3,0.75
856,0,20,20200902092000,0.95,0.5,5,1,0.3,0.7,100,0.2,3,1,0.33
857,0,20,20200902093000,0.95,0.5,5,1,0.3,0.7,100,-0.02,5,3,0.6
858,0,20,20200902101000,0.95,0.5,5,1,0.3,0.7,100,-0.15,13,7,0.54
859,0,20,20200902101000,0.95,0.5,5,1,0.3,0.7,2000,-0.34,5,3,0.6
860,0,20,20200902101000,0.95,0.5,5,1,0.3,0.7,20000,-0.51,4,3,0.75
861,0,20,20200902092000,0.95,0.5,5,1,0.5,0.3,100,-0.12,6,2,0.33
862,0,20,20200902093000,0.95,0.5,5,1,0.5,0.3,100,-0.12,6,2,0.33
863,0,20,20200902101000,0.95,0.5,5,1,0.5,0.3,100,-0.26,15,9,0.6
864,0,20,20200902092000,0.95,0.5,5,1,0.5,0.5,100,0.1,1,0,0.0
865,0,20,20200902093000,0.95,0.5,5,1,0.5,0.5,100,0.1,1,0,0.0
866,0,20,20200902101000,0.95,0.5,5,1,0.5,0.5,100,0.28,3,1,0.33
867,0,20,20200902092000,0.95,0.5,5,1,0.5,0.7,100,0.1,1,0,0.0
868,0,20,20200902093000,0.95,0.5,5,1,0.5,0.7,100,0.1,1,0,0.0
869,0,20,20200902101000,0.95,0.5,5,1,0.5,0.7,100,0.28,3,1,0.33
870,0,20,20200902092000,0.95,0.5,5,2,0.3,0.3,100,-0.23,14,10,0.71
871,0,20,20200902093000,0.95,0.5,5,2,0.3,0.3,100,-0.23,17,13,0.76
872,0,20,20200902101000,0.95,0.5,5,2,0.3,0.3,100,-0.26,41,30,0.73
873,0,20,20200902101000,0.95,0.5,5,2,0.3,0.3,2000,-0.4,5,4,0.8
874,0,20,20200902101000,0.95,0.5,5,2,0.3,0.3,20000,-0.43,4,3,0.75
875,0,20,20200902092000,0.95,0.5,5,2,0.3,0.5,100,-0.15,5,4,0.8
876,0,20,20200902093000,0.95,0.5,5,2,0.3,0.5,100,-0.22,8,7,0.87
877,0,20,20200902101000,0.95,0.5,5,2,0.3,0.5,100,-0.2,16,11,0.69
878,0,20,20200902101000,0.95,0.5,5,2,0.3,0.5,2000,-0.25,5,3,0.6
879,0,20,20200902101000,0.95,0.5,5,2,0.3,0.5,20000,-0.4,4,3,0.75
880,0,20,20200902092000,0.95,0.5,5,2,0.3,0.7,100,-0.15,5,4,0.8
881,0,20,20200902093000,0.95,0.5,5,2,0.3,0.7,100,-0.22,8,7,0.87
882,0,20,20200902101000,0.95,0.5,5,2,0.3,0.7,100,-0.2,16,11,0.69
883,0,20,20200902101000,0.95,0.5,5,2,0.3,0.7,2000,-0.25,5,3,0.6
884,0,20,20200902101000,0.95,0.5,5,2,0.3,0.7,20000,-0.4,4,3,0.75
885,0,20,20200902092000,0.95,0.5,5,2,0.5,0.3,100,-0.12,6,2,0.33
886,0,20,20200902093000,0.95,0.5,5,2,0.5,0.3,100,-0.12,6,2,0.33
887,0,20,20200902101000,0.95,0.5,5,2,0.5,0.3,100,-0.26,15,9,0.6
888,0,20,20200902092000,0.95,0.5,5,2,0.5,0.5,100,0.01,2,1,0.5
889,0,20,20200902093000,0.95,0.5,5,2,0.5,0.5,100,0.01,2,1,0.5
890,0,20,20200902101000,0.95,0.5,5,2,0.5,0.5,100,0.19,4,2,0.5
891,0,20,20200902092000,0.95,0.5,5,2,0.5,0.7,100,0.01,2,1,0.5
892,0,20,20200902093000,0.95,0.5,5,2,0.5,0.7,100,0.01,2,1,0.5
893,0,20,20200902101000,0.95,0.5,5,2,0.5,0.7,100,0.19,4,2,0.5
894,0,20,20200902092000,0.95,0.5,10,1,0.3,0.3,100,-0.38,8,8,1.0
895,0,20,20200902093000,0.95,0.5,10,1,0.3,0.3,100,-0.38,8,8,1.0
896,0,20,20200902101000,0.95,0.5,10,1,0.3,0.3,100,-0.36,26,22,0.85
897,0,20,20200902101000,0.95,0.5,10,1,0.3,0.3,2000,-0.44,3,3,1.0
898,0,20,20200902101000,0.95,0.5,10,1,0.3,0.3,20000,-0.52,2,2,1.0
899,0,20,20200902092000,0.95,0.5,10,1,0.3,0.5,100,0.44,2,0,0.0
900,0,20,20200902093000,0.95,0.5,10,1,0.3,0.5,100,0.44,2,0,0.0
901,0,20,20200902101000,0.95,0.5,10,1,0.3,0.5,100,0.02,8,3,0.37
902,0,20,20200902101000,0.95,0.5,10,1,0.3,0.5,2000,-0.19,3,2,0.67
903,0,20,20200902101000,0.95,0.5,10,1,0.3,0.5,20000,-0.45,2,2,1.0
904,0,20,20200902092000,0.95,0.5,10,1,0.3,0.7,100,0.44,2,0,0.0
905,0,20,20200902093000,0.95,0.5,10,1,0.3,0.7,100,0.44,2,0,0.0
906,0,20,20200902101000,0.95,0.5,10,1,0.3,0.7,100,0.02,8,3,0.37
907,0,20,20200902101000,0.95,0.5,10,1,0.3,0.7,2000,-0.19,3,2,0.67
908,0,20,20200902101000,0.95,0.5,10,1,0.3,0.7,20000,-0.45,2,2,1.0
909,0,20,20200902092000,0.95,0.5,10,1,0.5,0.3,100,-0.66,2,2,1.0
910,0,20,20200902093000,0.95,0.5,10,1,0.5,0.3,100,-0.66,2,2,1.0
911,0,20,20200902101000,0.95,0.5,10,1,0.5,0.3,100,-0.5,9,8,0.89
912,0,20,20200902092000,0.95,0.5,10,1,0.5,0.5,100,0.1,1,0,0.0
913,0,20,20200902093000,0.95,0.5,10,1,0.5,0.5,100,0.1,1,0,0.0
914,0,20,20200902101000,0.95,0.5,10,1,0.5,0.5,100,0.28,3,1,0.33
915,0,20,20200902092000,0.95,0.5,10,1,0.5,0.7,100,0.1,1,0,0.0
916,0,20,20200902093000,0.95,0.5,10,1,0.5,0.7,100,0.1,1,0,0.0
917,0,20,20200902101000,0.95,0.5,10,1,0.5,0.7,100,0.28,3,1,0.33
918,0,20,20200902092000,0.95,0.5,10,2,0.3,0.3,100,-0.38,8,8,1.0
919,0,20,20200902093000,0.95,0.5,10,2,0.3,0.3,100,-0.38,8,8,1.0
920,0,20,20200902101000,0.95,0.5,10,2,0.3,0.3,100,-0.34,26,22,0.85
921,0,20,20200902101000,0.95,0.5,10,2,0.3,0.3,2000,-0.28,3,3,1.0
922,0,20,20200902101000,0.95,0.5,10,2,0.3,0.3,20000,-0.28,2,2,1.0
923,0,20,20200902092000,0.95,0.5,10,2,0.3,0.5,100,-0.53,2,2,1.0
924,0,20,20200902093000,0.95,0.5,10,2,0.3,0.5,100,-0.53,2,2,1.0
925,0,20,20200902101000,0.95,0.5,10,2,0.3,0.5,100,-0.16,8,5,0.62
926,0,20,20200902101000,0.95,0.5,10,2,0.3,0.5,2000,-0.03,3,2,0.67
927,0,20,20200902101000,0.95,0.5,10,2,0.3,0.5,20000,-0.22,2,2,1.0
928,0,20,20200902092000,0.95,0.5,10,2,0.3,0.7,100,-0.53,2,2,1.0
929,0,20,20200902093000,0.95,0.5,10,2,0.3,0.7,100,-0.53,2,2,1.0
930,0,20,20200902101000,0.95,0.5,10,2,0.3,0.7,100,-0.16,8,5,0.62
931,0,20,20200902101000,0.95,0.5,10,2,0.3,0.7,2000,-0.03,3,2,0.67
932,0,20,20200902101000,0.95,0.5,10,2,0.3,0.7,20000,-0.22,2,2,1.0
933,0,20,20200902092000,0.95,0.5,10,2,0.5,0.3,100,-0.66,2,2,1.0
934,0,20,20200902093000,0.95,0.5,10,2,0.5,0.3,100,-0.66,2,2,1.0
935,0,20,20200902101000,0.95,0.5,10,2,0.5,0.3,100,-0.5,9,8,0.89
936,0,20,20200902092000,0.95,0.5,10,2,0.5,0.5,100,-1.04,1,1,1.0
937,0,20,20200902093000,0.95,0.5,10,2,0.5,0.5,100,-1.04,1,1,1.0
938,0,20,20200902101000,0.95,0.5,10,2,0.5,0.5,100,-0.1,3,2,0.67
939,0,20,20200902092000,0.95,0.5,10,2,0.5,0.7,100,-1.04,1,1,1.0
940,0,20,20200902093000,0.95,0.5,10,2,0.5,0.7,100,-1.04,1,1,1.0
941,0,20,20200902101000,0.95,0.5,10,2,0.5,0.7,100,-0.1,3,2,0.67
942,0,20,20200902092000,0.95,0.7,2,1,0.3,0.3,100,-0.29,22,17,0.77
943,0,20,20200902093000,0.95,0.7,2,1,0.3,0.3,100,-0.35,31,25,0.81
944,0,20,20200902101000,0.95,0.7,2,1,0.3,0.3,100,-0.3,70,56,0.8
945,0,20,20200902092000,0.95,0.7,2,1,0.3,0.3,2000,-0.55,6,6,1.0
946,0,20,20200902093000,0.95,0.7,2,1,0.3,0.3,2000,-0.81,8,8,1.0
947,0,20,20200902101000,0.95,0.7,2,1,0.3,0.3,2000,-0.54,22,21,0.95
948,0,20,20200902092000,0.95,0.7,2,1,0.3,0.3,20000,-0.55,6,6,1.0
949,0,20,20200902093000,0.95,0.7,2,1,0.3,0.3,20000,-0.81,8,8,1.0
950,0,20,20200902101000,0.95,0.7,2,1,0.3,0.3,20000,-0.57,21,20,0.95
951,0,20,20200902092000,0.95,0.7,2,1,0.3,0.5,100,0.08,6,3,0.5
952,0,20,20200902093000,0.95,0.7,2,1,0.3,0.5,100,-0.29,15,10,0.67
953,0,20,20200902101000,0.95,0.7,2,1,0.3,0.5,100,-0.28,33,19,0.58
954,0,20,20200902092000,0.95,0.7,2,1,0.3,0.5,2000,-0.51,3,2,0.67
955,0,20,20200902093000,0.95,0.7,2,1,0.3,0.5,2000,-0.62,7,5,0.71
956,0,20,20200902101000,0.95,0.7,2,1,0.3,0.5,2000,-0.52,18,12,0.67
957,0,20,20200902092000,0.95,0.7,2,1,0.3,0.5,20000,-0.51,3,2,0.67
958,0,20,20200902093000,0.95,0.7,2,1,0.3,0.5,20000,-0.62,7,5,0.71
959,0,20,20200902101000,0.95,0.7,2,1,0.3,0.5,20000,-0.58,17,12,0.71
960,0,20,20200902092000,0.95,0.7,2,1,0.3,0.7,100,0.08,6,3,0.5
961,0,20,20200902093000,0.95,0.7,2,1,0.3,0.7,100,-0.29,15,10,0.67
962,0,20,20200902101000,0.95,0.7,2,1,0.3,0.7,100,-0.28,33,19,0.58
963,0,20,20200902092000,0.95,0.7,2,1,0.3,0.7,2000,-0.51,3,2,0.67
964,0,20,20200902093000,0.95,0.7,2,1,0.3,0.7,2000,-0.62,7,5,0.71
965,0,20,20200902101000,0.95,0.7,2,1,0.3,0.7,2000,-0.52,18,12,0.67
966,0,20,20200902092000,0.95,0.7,2,1,0.3,0.7,20000,-0.51,3,2,0.67
967,0,20,20200902093000,0.95,0.7,2,1,0.3,0.7,20000,-0.62,7,5,0.71
968,0,20,20200902101000,0.95,0.7,2,1,0.3,0.7,20000,-0.58,17,12,0.71
969,0,20,20200902092000,0.95,0.7,2,1,0.5,0.3,100,-0.16,7,3,0.43
970,0,20,20200902093000,0.95,0.7,2,1,0.5,0.3,100,-0.19,8,4,0.5
971,0,20,20200902101000,0.95,0.7,2,1,0.5,0.3,100,-0.3,20,14,0.7
972,0,20,20200902092000,0.95,0.7,2,1,0.5,0.3,2000,-0.4,1,1,1.0
973,0,20,20200902093000,0.95,0.7,2,1,0.5,0.3,2000,-0.4,1,1,1.0
974,0,20,20200902101000,0.95,0.7,2,1,0.5,0.3,2000,-0.4,1,1,1.0
975,0,20,20200902092000,0.95,0.7,2,1,0.5,0.3,20000,-0.4,1,1,1.0
976,0,20,20200902093000,0.95,0.7,2,1,0.5,0.3,20000,-0.4,1,1,1.0
977,0,20,20200902101000,0.95,0.7,2,1,0.5,0.3,20000,-0.4,1,1,1.0
978,0,20,20200902092000,0.95,0.7,2,1,0.5,0.5,100,0.94,2,0,0.0
979,0,20,20200902093000,0.95,0.7,2,1,0.5,0.5,100,0.46,3,1,0.33
980,0,20,20200902101000,0.95,0.7,2,1,0.5,0.5,100,0.14,7,3,0.43
981,0,20,20200902092000,0.95,0.7,2,1,0.5,0.5,2000,0.09,1,0,0.0
982,0,20,20200902093000,0.95,0.7,2,1,0.5,0.5,2000,0.09,1,0,0.0
983,0,20,20200902101000,0.95,0.7,2,1,0.5,0.5,2000,0.09,1,0,0.0
984,0,20,20200902092000,0.95,0.7,2,1,0.5,0.5,20000,0.09,1,0,0.0
985,0,20,20200902093000,0.95,0.7,2,1,0.5,0.5,20000,0.09,1,0,0.0
986,0,20,20200902101000,0.95,0.7,2,1,0.5,0.5,20000,0.09,1,0,0.0
987,0,20,20200902092000,0.95,0.7,2,1,0.5,0.7,100,0.94,2,0,0.0
988,0,20,20200902093000,0.95,0.7,2,1,0.5,0.7,100,0.46,3,1,0.33
989,0,20,20200902101000,0.95,0.7,2,1,0.5,0.7,100,0.11,7,3,0.43
990,0,20,20200902092000,0.95,0.7,2,1,0.5,0.7,2000,0.09,1,0,0.0
991,0,20,20200902093000,0.95,0.7,2,1,0.5,0.7,2000,0.09,1,0,0.0
992,0,20,20200902101000,0.95,0.7,2,1,0.5,0.7,2000,0.09,1,0,0.0
993,0,20,20200902092000,0.95,0.7,2,1,0.5,0.7,20000,0.09,1,0,0.0
994,0,20,20200902093000,0.95,0.7,2,1,0.5,0.7,20000,0.09,1,0,0.0
995,0,20,20200902101000,0.95,0.7,2,1,0.5,0.7,20000,0.09,1,0,0.0
996,0,20,20200902092000,0.95,0.7,2,2,0.3,0.3,100,-0.29,22,17,0.77
997,0,20,20200902093000,0.95,0.7,2,2,0.3,0.3,100,-0.3,31,25,0.81
998,0,20,20200902101000,0.95,0.7,2,2,0.3,0.3,100,-0.27,70,56,0.8
999,0,20,20200902092000,0.95,0.7,2,2,0.3,0.3,2000,-0.55,6,6,1.0
1000,0,20,20200902093000,0.95,0.7,2,2,0.3,0.3,2000,-0.64,8,8,1.0
1001,0,20,20200902101000,0.95,0.7,2,2,0.3,0.3,2000,-0.48,22,21,0.95
1002,0,20,20200902092000,0.95,0.7,2,2,0.3,0.3,20000,-0.55,6,6,1.0
1003,0,20,20200902093000,0.95,0.7,2,2,0.3,0.3,20000,-0.64,8,8,1.0
1004,0,20,20200902101000,0.95,0.7,2,2,0.3,0.3,20000,-0.5,21,20,0.95
1005,0,20,20200902092000,0.95,0.7,2,2,0.3,0.5,100,-0.24,9,6,0.67
1006,0,20,20200902093000,0.95,0.7,2,2,0.3,0.5,100,-0.25,17,13,0.76
1007,0,20,20200902101000,0.95,0.7,2,2,0.3,0.5,100,-0.26,35,24,0.69
1008,0,20,20200902092000,0.95,0.7,2,2,0.3,0.5,2000,-0.69,4,4,1.0
1009,0,20,20200902093000,0.95,0.7,2,2,0.3,0.5,2000,-0.44,7,6,0.86
1010,0,20,20200902101000,0.95,0.7,2,2,0.3,0.5,2000,-0.44,18,15,0.83
1011,0,20,20200902092000,0.95,0.7,2,2,0.3,0.5,20000,-0.69,4,4,1.0
1012,0,20,20200902093000,0.95,0.7,2,2,0.3,0.5,20000,-0.44,7,6,0.86
1013,0,20,20200902101000,0.95,0.7,2,2,0.3,0.5,20000,-0.5,17,15,0.88
1014,0,20,20200902092000,0.95,0.7,2,2,0.3,0.7,100,-0.24,9,6,0.67
1015,0,20,20200902093000,0.95,0.7,2,2,0.3,0.7,100,-0.25,17,13,0.76
1016,0,20,20200902101000,0.95,0.7,2,2,0.3,0.7,100,-0.26,35,24,0.69
1017,0,20,20200902092000,0.95,0.7,2,2,0.3,0.7,2000,-0.69,4,4,1.0
1018,0,20,20200902093000,0.95,0.7,2,2,0.3,0.7,2000,-0.44,7,6,0.86
1019,0,20,20200902101000,0.95,0.7,2,2,0.3,0.7,2000,-0.44,18,15,0.83
1020,0,20,20200902092000,0.95,0.7,2,2,0.3,0.7,20000,-0.69,4,4,1.0
1021,0,20,20200902093000,0.95,0.7,2,2,0.3,0.7,20000,-0.44,7,6,0.86
1022,0,20,20200902101000,0.95,0.7,2,2,0.3,0.7,20000,-0.5,17,15,0.88
1023,0,20,20200902092000,0.95,0.7,2,2,0.5,0.3,100,-0.16,7,3,0.43
1024,0,20,20200902093000,0.95,0.7,2,2,0.5,0.3,100,-0.19,8,4,0.5
1025,0,20,20200902101000,0.95,0.7,2,2,0.5,0.3,100,-0.3,20,14,0.7
1026,0,20,20200902092000,0.95,0.7,2,2,0.5,0.3,2000,-0.4,1,1,1.0
1027,0,20,20200902093000,0.95,0.7,2,2,0.5,0.3,2000,-0.4,1,1,1.0
1028,0,20,20200902101000,0.95,0.7,2,2,0.5,0.3,2000,-0.4,1,1,1.0
1029,0,20,20200902092000,0.95,0.7,2,2,0.5,0.3,20000,-0.4,1,1,1.0
1030,0,20,20200902093000,0.95,0.7,2,2,0.5,0.3,20000,-0.4,1,1,1.0
1031,0,20,20200902101000,0.95,0.7,2,2,0.5,0.3,20000,-0.4,1,1,1.0
1032,0,20,20200902092000,0.95,0.7,2,2,0.5,0.5,100,-0.24,2,1,0.5
1033,0,20,20200902093000,0.95,0.7,2,2,0.5,0.5,100,-0.3,3,2,0.67
1034,0,20,20200902101000,0.95,0.7,2,2,0.5,0.5,100,-0.19,7,4,0.57
1035,0,20,20200902092000,0.95,0.7,2,2,0.5,0.5,2000,-0.4,1,1,1.0
1036,0,20,20200902093000,0.95,0.7,2,2,0.5,0.5,2000,-0.4,1,1,1.0
1037,0,20,20200902101000,0.95,0.7,2,2,0.5,0.5,2000,-0.4,1,1,1.0
1038,0,20,20200902092000,0.95,0.7,2,2,0.5,0.5,20000,-0.4,1,1,1.0
1039,0,20,20200902093000,0.95,0.7,2,2,0.5,0.5,20000,-0.4,1,1,1.0
1040,0,20,20200902101000,0.95,0.7,2,2,0.5,0.5,20000,-0.4,1,1,1.0
1041,0,20,20200902092000,0.95,0.7,2,2,0.5,0.7,100,-0.24,2,1,0.5
1042,0,20,20200902093000,0.95,0.7,2,2,0.5,0.7,100,-0.3,3,2,0.67
1043,0,20,20200902101000,0.95,0.7,2,2,0.5,0.7,100,-0.21,7,4,0.57
1044,0,20,20200902092000,0.95,0.7,2,2,0.5,0.7,2000,-0.4,1,1,1.0
1045,0,20,20200902093000,0.95,0.7,2,2,0.5,0.7,2000,-0.4,1,1,1.0
1046,0,20,20200902101000,0.95,0.7,2,2,0.5,0.7,2000,-0.4,1,1,1.0
1047,0,20,20200902092000,0.95,0.7,2,2,0.5,0.7,20000,-0.4,1,1,1.0
1048,0,20,20200902093000,0.95,0.7,2,2,0.5,0.7,20000,-0.4,1,1,1.0
1049,0,20,20200902101000,0.95,0.7,2,2,0.5,0.7,20000,-0.4,1,1,1.0
1050,0,20,20200902092000,0.95,0.7,5,1,0.3,0.3,100,-0.23,14,10,0.71
1051,0,20,20200902093000,0.95,0.7,5,1,0.3,0.3,100,-0.23,17,13,0.76
1052,0,20,20200902101000,0.95,0.7,5,1,0.3,0.3,100,-0.27,41,30,0.73
1053,0,20,20200902101000,0.95,0.7,5,1,0.3,0.3,2000,-0.49,5,4,0.8
1054,0,20,20200902101000,0.95,0.7,5,1,0.3,0.3,20000,-0.55,4,3,0.75
1055,0,20,20200902092000,0.95,0.7,5,1,0.3,0.5,100,0.68,3,1,0.33
1056,0,20,20200902093000,0.95,0.7,5,1,0.3,0.5,100,0.26,5,3,0.6
1057,0,20,20200902101000,0.95,0.7,5,1,0.3,0.5,100,-0.03,13,4,0.31
1058,0,20,20200902101000,0.95,0.7,5,1,0.3,0.5,2000,-0.37,5,2,0.4
1059,0,20,20200902101000,0.95,0.7,5,1,0.3,0.5,20000,-0.47,4,2,0.5
1060,0,20,20200902092000,0.95,0.7,5,1,0.3,0.7,100,0.68,3,1,0.33
1061,0,20,20200902093000,0.95,0.7,5,1,0.3,0.7,100,0.26,5,3,0.6
1062,0,20,20200902101000,0.95,0.7,5,1,0.3,0.7,100,-0.03,13,4,0.31
1063,0,20,20200902101000,0.95,0.7,5,1,0.3,0.7,2000,-0.37,5,2,0.4
1064,0,20,20200902101000,0.95,0.7,5,1,0.3,0.7,20000,-0.47,4,2,0.5
1065,0,20,20200902092000,0.95,0.7,5,1,0.5,0.3,100,-0.12,6,2,0.33
1066,0,20,20200902093000,0.95,0.7,5,1,0.5,0.3,100,-0.12,6,2,0.33
1067,0,20,20200902101000,0.95,0.7,5,1,0.5,0.3,100,-0.26,15,9,0.6
1068,0,20,20200902092000,0.95,0.7,5,1,0.5,0.5,100,1.8,1,0,0.0
1069,0,20,20200902093000,0.95,0.7,5,1,0.5,0.5,100,1.8,1,0,0.0
1070,0,20,20200902101000,0.95,0.7,5,1,0.5,0.5,100,0.79,3,0,0.0
1071,0,20,20200902092000,0.95,0.7,5,1,0.5,0.7,100,1.8,1,0,0.0
1072,0,20,20200902093000,0.95,0.7,5,1,0.5,0.7,100,1.8,1,0,0.0
1073,0,20,20200902101000,0.95,0.7,5,1,0.5,0.7,100,0.79,3,0,0.0
1074,0,20,20200902092000,0.95,0.7,5,2,0.3,0.3,100,-0.23,14,10,0.71
1075,0,20,20200902093000,0.95,0.7,5,2,0.3,0.3,100,-0.23,17,13,0.76
1076,0,20,20200902101000,0.95,0.7,5,2,0.3,0.3,100,-0.27,41,30,0.73
1077,0,20,20200902101000,0.95,0.7,5,2,0.3,0.3,2000,-0.49,5,4,0.8
1078,0,20,20200902101000,0.95,0.7,5,2,0.3,0.3,20000,-0.55,4,3,0.75
1079,0,20,20200902092000,0.95,0.7,5,2,0.3,0.5,100,0.14,3,1,0.33
1080,0,20,20200902093000,0.95,0.7,5,2,0.3,0.5,100,-0.06,5,3,0.6
1081,0,20,20200902101000,0.95,0.7,5,2,0.3,0.5,100,-0.18,13,5,0.38
1082,0,20,20200902101000,0.95,0.7,5,2,0.3,0.5,2000,-0.34,5,3,0.6
1083,0,20,20200902101000,0.95,0.7,5,2,0.3,0.5,20000,-0.51,4,3,0.75
1084,0,20,20200902092000,0.95,0.7,5,2,0.3,0.7,100,0.14,3,1,0.33
1085,0,20,20200902093000,0.95,0.7,5,2,0.3,0.7,100,-0.06,5,3,0.6
1086,0,20,20200902101000,0.95,0.7,5,2,0.3,0.7,100,-0.18,13,5,0.38
1087,0,20,20200902101000,0.95,0.7,5,2,0.3,0.7,2000,-0.34,5,3,0.6
1088,0,20,20200902101000,0.95,0.7,5,2,0.3,0.7,20000,-0.51,4,3,0.75
1089,0,20,20200902092000,0.95,0.7,5,2,0.5,0.3,100,-0.12,6,2,0.33
1090,0,20,20200902093000,0.95,0.7,5,2,0.5,0.3,100,-0.12,6,2,0.33
1091,0,20,20200902101000,0.95,0.7,5,2,0.5,0.3,100,-0.26,15,9,0.6
1092,0,20,20200902092000,0.95,0.7,5,2,0.5,0.5,100,-0.09,1,0,0.0
1093,0,20,20200902093000,0.95,0.7,5,2,0.5,0.5,100,-0.09,1,0,0.0
1094,0,20,20200902101000,0.95,0.7,5,2,0.5,0.5,100,0.16,3,0,0.0
1095,0,20,20200902092000,0.95,0.7,5,2,0.5,0.7,100,-0.09,1,0,0.0
1096,0,20,20200902093000,0.95,0.7,5,2,0.5,0.7,100,-0.09,1,0,0.0
1097,0,20,20200902101000,0.95,0.7,5,2,0.5,0.7,100,0.16,3,0,0.0
1098,0,20,20200902092000,0.95,0.7,10,1,0.3,0.3,100,-0.38,8,8,1.0
1099,0,20,20200902093000,0.95,0.7,10,1,0.3,0.3,100,-0.38,8,8,1.0
1100,0,20,20200902101000,0.95,0.7,10,1,0.3,0.3,100,-0.36,26,22,0.85
1101,0,20,20200902101000,0.95,0.7,10,1,0.3,0.3,2000,-0.44,3,3,1.0
1102,0,20,20200902101000,0.95,0.7,10,1,0.3,0.3,20000,-0.52,2,2,1.0
1103,0,20,20200902092000,0.95,0.7,10,1,0.3,0.5,100,1.16,2,0,0.0
1104,0,20,20200902093000,0.95,0.7,10,1,0.3,0.5,100,1.16,2,0,0.0
1105,0,20,20200902101000,0.95,0.7,10,1,0.3,0.5,100,0.22,8,0,0.0
1106,0,20,20200902101000,0.95,0.7,10,1,0.3,0.5,2000,-0.24,3,1,0.33
1107,0,20,20200902101000,0.95,0.7,10,1,0.3,0.5,20000,-0.37,2,1,0.5
1108,0,20,20200902092000,0.95,0.7,10,1,0.3,0.7,100,1.16,2,0,0.0
1109,0,20,20200902093000,0.95,0.7,10,1,0.3,0.7,100,1.16,2,0,0.0
1110,0,20,20200902101000,0.95,0.7,10,1,0.3,0.7,100,0.22,8,0,0.0
1111,0,20,20200902101000,0.95,0.7,10,1,0.3,0.7,2000,-0.24,3,1,0.33
1112,0,20,20200902101000,0.95,0.7,10,1,0.3,0.7,20000,-0.37,2,1,0.5
1113,0,20,20200902092000,0.95,0.7,10,1,0.5,0.3,100,-0.66,2,2,1.0
1114,0,20,20200902093000,0.95,0.7,10,1,0.5,0.3,100,-0.66,2,2,1.0
1115,0,20,20200902101000,0.95,0.7,10,1,0.5,0.3,100,-0.5,9,8,0.89
1116,0,20,20200902092000,0.95,0.7,10,1,0.5,0.5,100,1.8,1,0,0.0
1117,0,20,20200902093000,0.95,0.7,10,1,0.5,0.5,100,1.8,1,0,0.0
1118,0,20,20200902101000,0.95,0.7,10,1,0.5,0.5,100,0.79,3,0,0.0
1119,0,20,20200902092000,0.95,0.7,10,1,0.5,0.7,100,1.8,1,0,0.0
1120,0,20,20200902093000,0.95,0.7,10,1,0.5,0.7,100,1.8,1,0,0.0
1121,0,20,20200902101000,0.95,0.7,10,1,0.5,0.7,100,0.79,3,0,0.0
1122,0,20,20200902092000,0.95,0.7,10,2,0.3,0.3,100,-0.38,8,8,1.0
1123,0,20,20200902093000,0.95,0.7,10,2,0.3,0.3,100,-0.38,8,8,1.0
1124,0,20,20200902101000,0.95,0.7,10,2,0.3,0.3,100,-0.36,26,22,0.85
1125,0,20,20200902101000,0.95,0.7,10,2,0.3,0.3,2000,-0.44,3,3,1.0
1126,0,20,20200902101000,0.95,0.7,10,2,0.3,0.3,20000,-0.52,2,2,1.0
1127,0,20,20200902092000,0.95,0.7,10,2,0.3,0.5,100,0.34,2,0,0.0
1128,0,20,20200902093000,0.95,0.7,10,2,0.3,0.5,100,0.34,2,0,0.0
1129,0,20,20200902101000,0.95,0.7,10,2,0.3,0.5,100,-0.03,8,1,0.12
1130,0,20,20200902101000,0.95,0.7,10,2,0.3,0.5,2000,-0.19,3,2,0.67
1131,0,20,20200902101000,0.95,0.7,10,2,0.3,0.5,20000,-0.45,2,2,1.0
1132,0,20,20200902092000,0.95,0.7,10,2,0.3,0.7,100,0.34,2,0,0.0
1133,0,20,20200902093000,0.95,0.7,10,2,0.3,0.7,100,0.34,2,0,0.0
1134,0,20,20200902101000,0.95,0.7,10,2,0.3,0.7,100,-0.03,8,1,0.12
1135,0,20,20200902101000,0.95,0.7,10,2,0.3,0.7,2000,-0.19,3,2,0.67
1136,0,20,20200902101000,0.95,0.7,10,2,0.3,0.7,20000,-0.45,2,2,1.0
1137,0,20,20200902092000,0.95,0.7,10,2,0.5,0.3,100,-0.66,2,2,1.0
1138,0,20,20200902093000,0.95,0.7,10,2,0.5,0.3,100,-0.66,2,2,1.0
1139,0,20,20200902101000,0.95,0.7,10,2,0.5,0.3,100,-0.5,9,8,0.89
1140,0,20,20200902092000,0.95,0.7,10,2,0.5,0.5,100,-0.09,1,0,0.0
1141,0,20,20200902093000,0.95,0.7,10,2,0.5,0.5,100,-0.09,1,0,0.0
1142,0,20,20200902101000,0.95,0.7,10,2,0.5,0.5,100,0.16,3,0,0.0
1143,0,20,20200902092000,0.95,0.7,10,2,0.5,0.7,100,-0.09,1,0,0.0
1144,0,20,20200902093000,0.95,0.7,10,2,0.5,0.7,100,-0.09,1,0,0.0
1145,0,20,20200902101000,0.95,0.7,10,2,0.5,0.7,100,0.16,3,0,0.0
1146,0,20,20200902092000,0.95,0.9,2,1,0.3,0.3,100,-0.29,22,17,0.77
1147,0,20,20200902093000,0.95,0.9,2,1,0.3,0.3,100,-0.35,31,25,0.81
1148,0,20,20200902101000,0.95,0.9,2,1,0.3,0.3,100,-0.3,70,55,0.79
1149,0,20,20200902092000,0.95,0.9,2,1,0.3,0.3,2000,-0.55,6,6,1.0
1150,0,20,20200902093000,0.95,0.9,2,1,0.3,0.3,2000,-0.81,8,8,1.0
1151,0,20,20200902101000,0.95,0.9,2,1,0.3,0.3,2000,-0.55,22,20,0.91
1152,0,20,20200902092000,0.95,0.9,2,1,0.3,0.3,20000,-0.55,6,6,1.0
1153,0,20,20200902093000,0.95,0.9,2,1,0.3,0.3,20000,-0.81,8,8,1.0
1154,0,20,20200902101000,0.95,0.9,2,1,0.3,0.3,20000,-0.58,21,19,0.9
1155,0,20,20200902092000,0.95,0.9,2,1,0.3,0.5,100,0.14,6,2,0.33
1156,0,20,20200902093000,0.95,0.9,2,1,0.3,0.5,100,-0.25,14,6,0.43
1157,0,20,20200902101000,0.95,0.9,2,1,0.3,0.5,100,-0.38,31,12,0.39
1158,0,20,20200902092000,0.95,0.9,2,1,0.3,0.5,2000,-0.38,3,2,0.67
1159,0,20,20200902093000,0.95,0.9,2,1,0.3,0.5,2000,-0.56,7,4,0.57
1160,0,20,20200902101000,0.95,0.9,2,1,0.3,0.5,2000,-0.54,18,8,0.44
1161,0,20,20200902092000,0.95,0.9,2,1,0.3,0.5,20000,-0.38,3,2,0.67
1162,0,20,20200902093000,0.95,0.9,2,1,0.3,0.5,20000,-0.56,7,4,0.57
1163,0,20,20200902101000,0.95,0.9,2,1,0.3,0.5,20000,-0.56,17,8,0.47
1164,0,20,20200902092000,0.95,0.9,2,1,0.3,0.7,100,0.14,6,2,0.33
1165,0,20,20200902093000,0.95,0.9,2,1,0.3,0.7,100,-0.19,14,3,0.21
1166,0,20,20200902101000,0.95,0.9,2,1,0.3,0.7,100,-0.35,30,9,0.3
1167,0,20,20200902092000,0.95,0.9,2,1,0.3,0.7,2000,-0.38,3,2,0.67
1168,0,20,20200902093000,0.95,0.9,2,1,0.3,0.7,2000,-0.63,7,3,0.43
1169,0,20,20200902101000,0.95,0.9,2,1,0.3,0.7,2000,-0.57,17,7,0.41
1170,0,20,20200902092000,0.95,0.9,2,1,0.3,0.7,20000,-0.38,3,2,0.67
1171,0,20,20200902093000,0.95,0.9,2,1,0.3,0.7,20000,-0.63,7,3,0.43
1172,0,20,20200902101000,0.95,0.9,2,1,0.3,0.7,20000,-0.59,16,7,0.44
1173,0,20,20200902092000,0.95,0.9,2,1,0.5,0.3,100,-0.16,7,3,0.43
1174,0,20,20200902093000,0.95,0.9,2,1,0.5,0.3,100,-0.19,8,4,0.5
1175,0,20,20200902101000,0.95,0.9,2,1,0.5,0.3,100,-0.3,20,14,0.7
1176,0,20,20200902092000,0.95,0.9,2,1,0.5,0.3,2000,-0.4,1,1,1.0
1177,0,20,20200902093000,0.95,0.9,2,1,0.5,0.3,2000,-0.4,1,1,1.0
1178,0,20,20200902101000,0.95,0.9,2,1,0.5,0.3,2000,-0.4,1,1,1.0
1179,0,20,20200902092000,0.95,0.9,2,1,0.5,0.3,20000,-0.4,1,1,1.0
1180,0,20,20200902093000,0.95,0.9,2,1,0.5,0.3,20000,-0.4,1,1,1.0
1181,0,20,20200902101000,0.95,0.9,2,1,0.5,0.3,20000,-0.4,1,1,1.0
1182,0,20,20200902092000,0.95,0.9,2,1,0.5,0.5,100,1.12,2,0,0.0
1183,0,20,20200902093000,0.95,0.9,2,1,0.5,0.5,100,1.12,2,0,0.0
1184,0,20,20200902101000,0.95,0.9,2,1,0.5,0.5,100,0.14,5,1,0.2
1185,0,20,20200902092000,0.95,0.9,2,1,0.5,0.5,2000,0.45,1,0,0.0
1186,0,20,20200902093000,0.95,0.9,2,1,0.5,0.5,2000,0.45,1,0,0.0
1187,0,20,20200902101000,0.95,0.9,2,1,0.5,0.5,2000,0.45,1,0,0.0
1188,0,20,20200902092000,0.95,0.9,2,1,0.5,0.5,20000,0.45,1,0,0.0
1189,0,20,20200902093000,0.95,0.9,2,1,0.5,0.5,20000,0.45,1,0,0.0
1190,0,20,20200902101000,0.95,0.9,2,1,0.5,0.5,20000,0.45,1,0,0.0
1191,0,20,20200902092000,0.95,0.9,2,1,0.5,0.7,100,1.12,2,0,0.0
1192,0,20,20200902093000,0.95,0.9,2,1,0.5,0.7,100,1.12,2,0,0.0
1193,0,20,20200902101000,0.95,0.9,2,1,0.5,0.7,100,0.1,5,1,0.2
1194,0,20,20200902092000,0.95,0.9,2,1,0.5,0.7,2000,0.45,1,0,0.0
1195,0,20,20200902093000,0.95,0.9,2,1,0.5,0.7,2000,0.45,1,0,0.0
1196,0,20,20200902101000,0.95,0.9,2,1,0.5,0.7,2000,0.45,1,0,0.0
1197,0,20,20200902092000,0.95,0.9,2,1,0.5,0.7,20000,0.45,1,0,0.0
1198,0,20,20200902093000,0.95,0.9,2,1,0.5,0.7,20000,0.45,1,0,0.0
1199,0,20,20200902101000,0.95,0.9,2,1,0.5,0.7,20000,0.45,1,0,0.0
1200,0,20,20200902092000,0.95,0.9,2,2,0.3,0.3,100,-0.29,22,17,0.77
1201,0,20,20200902093000,0.95,0.9,2,2,0.3,0.3,100,-0.35,31,25,0.81
1202,0,20,20200902101000,0.95,0.9,2,2,0.3,0.3,100,-0.3,70,55,0.79
1203,0,20,20200902092000,0.95,0.9,2,2,0.3,0.3,2000,-0.55,6,6,1.0
1204,0,20,20200902093000,0.95,0.9,2,2,0.3,0.3,2000,-0.81,8,8,1.0
1205,0,20,20200902101000,0.95,0.9,2,2,0.3,0.3,2000,-0.54,22,20,0.91
1206,0,20,20200902092000,0.95,0.9,2,2,0.3,0.3,20000,-0.55,6,6,1.0
1207,0,20,20200902093000,0.95,0.9,2,2,0.3,0.3,20000,-0.81,8,8,1.0
1208,0,20,20200902101000,0.95,0.9,2,2,0.3,0.3,20000,-0.57,21,19,0.9
1209,0,20,20200902092000,0.95,0.9,2,2,0.3,0.5,100,0.01,6,3,0.5
1210,0,20,20200902093000,0.95,0.9,2,2,0.3,0.5,100,-0.33,15,10,0.67
1211,0,20,20200902101000,0.95,0.9,2,2,0.3,0.5,100,-0.33,32,18,0.56
1212,0,20,20200902092000,0.95,0.9,2,2,0.3,0.5,2000,-0.51,3,2,0.67
1213,0,20,20200902093000,0.95,0.9,2,2,0.3,0.5,2000,-0.62,7,5,0.71
1214,0,20,20200902101000,0.95,0.9,2,2,0.3,0.5,2000,-0.54,18,10,0.56
1215,0,20,20200902092000,0.95,0.9,2,2,0.3,0.5,20000,-0.51,3,2,0.67
1216,0,20,20200902093000,0.95,0.9,2,2,0.3,0.5,20000,-0.62,7,5,0.71
1217,0,20,20200902101000,0.95,0.9,2,2,0.3,0.5,20000,-0.59,17,10,0.59
1218,0,20,20200902092000,0.95,0.9,2,2,0.3,0.7,100,0.01,6,3,0.5
1219,0,20,20200902093000,0.95,0.9,2,2,0.3,0.7,100,-0.36,15,9,0.6
1220,0,20,20200902101000,0.95,0.9,2,2,0.3,0.7,100,-0.35,31,17,0.55
1221,0,20,20200902092000,0.95,0.9,2,2,0.3,0.7,2000,-0.51,3,2,0.67
1222,0,20,20200902093000,0.95,0.9,2,2,0.3,0.7,2000,-0.7,7,5,0.71
1223,0,20,20200902101000,0.95,0.9,2,2,0.3,0.7,2000,-0.57,17,10,0.59
1224,0,20,20200902092000,0.95,0.9,2,2,0.3,0.7,20000,-0.51,3,2,0.67
1225,0,20,20200902093000,0.95,0.9,2,2,0.3,0.7,20000,-0.7,7,5,0.71
1226,0,20,20200902101000,0.95,0.9,2,2,0.3,0.7,20000,-0.63,16,10,0.62
1227,0,20,20200902092000,0.95,0.9,2,2,0.5,0.3,100,-0.16,7,3,0.43
1228,0,20,20200902093000,0.95,0.9,2,2,0.5,0.3,100,-0.19,8,4,0.5
1229,0,20,20200902101000,0.95,0.9,2,2,0.5,0.3,100,-0.3,20,14,0.7
1230,0,20,20200902092000,0.95,0.9,2,2,0.5,0.3,2000,-0.4,1,1,1.0
1231,0,20,20200902093000,0.95,0.9,2,2,0.5,0.3,2000,-0.4,1,1,1.0
1232,0,20,20200902101000,0.95,0.9,2,2,0.5,0.3,2000,-0.4,1,1,1.0
1233,0,20,20200902092000,0.95,0.9,2,2,0.5,0.3,20000,-0.4,1,1,1.0
1234,0,20,20200902093000,0.95,0.9,2,2,0.5,0.3,20000,-0.4,1,1,1.0
1235,0,20,20200902101000,0.95,0.9,2,2,0.5,0.3,20000,-0.4,1,1,1.0
1236,0,20,20200902092000,0.95,0.9,2,2,0.5,0.5,100,0.94,2,0,0.0
1237,0,20,20200902093000,0.95,0.9,2,2,0.5,0.5,100,0.42,3,1,0.33
1238,0,20,20200902101000,0.95,0.9,2,2,0.5,0.5,100,0.03,6,3,0.5
1239,0,20,20200902092000,0.95,0.9,2,2,0.5,0.5,2000,0.09,1,0,0.0
1240,0,20,20200902093000,0.95,0.9,2,2,0.5,0.5,2000,0.09,1,0,0.0
1241,0,20,20200902101000,0.95,0.9,2,2,0.5,0.5,2000,0.09,1,0,0.0
1242,0,20,20200902092000,0.95,0.9,2,2,0.5,0.5,20000,0.09,1,0,0.0
1243,0,20,20200902093000,0.95,0.9,2,2,0.5,0.5,20000,0.09,1,0,0.0
1244,0,20,20200902101000,0.95,0.9,2,2,0.5,0.5,20000,0.09,1,0,0.0
1245,0,20,20200902092000,0.95,0.9,2,2,0.5,0.7,100,0.94,2,0,0.0
1246,0,20,20200902093000,0.95,0.9,2,2,0.5,0.7,100,0.42,3,1,0.33
1247,0,20,20200902101000,0.95,0.9,2,2,0.5,0.7,100,-0.0,6,3,0.5
1248,0,20,20200902092000,0.95,0.9,2,2,0.5,0.7,2000,0.09,1,0,0.0
1249,0,20,20200902093000,0.95,0.9,2,2,0.5,0.7,2000,0.09,1,0,0.0
1250,0,20,20200902101000,0.95,0.9,2,2,0.5,0.7,2000,0.09,1,0,0.0
1251,0,20,20200902092000,0.95,0.9,2,2,0.5,0.7,20000,0.09,1,0,0.0
1252,0,20,20200902093000,0.95,0.9,2,2,0.5,0.7,20000,0.09,1,0,0.0
1253,0,20,20200902101000,0.95,0.9,2,2,0.5,0.7,20000,0.09,1,0,0.0
1254,0,20,20200902092000,0.95,0.9,5,1,0.3,0.3,100,-0.23,14,10,0.71
1255,0,20,20200902093000,0.95,0.9,5,1,0.3,0.3,100,-0.23,17,13,0.76
1256,0,20,20200902101000,0.95,0.9,5,1,0.3,0.3,100,-0.27,41,30,0.73
1257,0,20,20200902101000,0.95,0.9,5,1,0.3,0.3,2000,-0.49,5,4,0.8
1258,0,20,20200902101000,0.95,0.9,5,1,0.3,0.3,20000,-0.55,4,3,0.75
1259,0,20,20200902092000,0.95,0.9,5,1,0.3,0.5,100,0.66,3,0,0.0
1260,0,20,20200902093000,0.95,0.9,5,1,0.3,0.5,100,0.26,5,2,0.4
1261,0,20,20200902101000,0.95,0.9,5,1,0.3,0.5,100,-0.14,12,3,0.25
1262,0,20,20200902101000,0.95,0.9,5,1,0.3,0.5,2000,-0.48,5,1,0.2
1263,0,20,20200902101000,0.95,0.9,5,1,0.3,0.5,20000,-0.45,4,1,0.25
1264,0,20,20200902092000,0.95,0.9,5,1,0.3,0.7,100,0.66,3,0,0.0
1265,0,20,20200902093000,0.95,0.9,5,1,0.3,0.7,100,0.51,5,0,0.0
1266,0,20,20200902101000,0.95,0.9,5,1,0.3,0.7,100,-0.03,12,1,0.08
1267,0,20,20200902101000,0.95,0.9,5,1,0.3,0.7,2000,-0.48,5,1,0.2
1268,0,20,20200902101000,0.95,0.9,5,1,0.3,0.7,20000,-0.45,4,1,0.25
1269,0,20,20200902092000,0.95,0.9,5,1,0.5,0.3,100,-0.12,6,2,0.33
1270,0,20,20200902093000,0.95,0.9,5,1,0.5,0.3,100,-0.12,6,2,0.33
1271,0,20,20200902101000,0.95,0.9,5,1,0.5,0.3,100,-0.26,15,9,0.6
1272,0,20,20200902092000,0.95,0.9,5,1,0.5,0.5,100,1.8,1,0,0.0
1273,0,20,20200902093000,0.95,0.9,5,1,0.5,0.5,100,1.8,1,0,0.0
1274,0,20,20200902101000,0.95,0.9,5,1,0.5,0.5,100,0.76,2,0,0.0
1275,0,20,20200902092000,0.95,0.9,5,1,0.5,0.7,100,1.8,1,0,0.0
1276,0,20,20200902093000,0.95,0.9,5,1,0.5,0.7,100,1.8,1,0,0.0
1277,0,20,20200902101000,0.95,0.9,5,1,0.5,0.7,100,0.76,2,0,0.0
1278,0,20,20200902092000,0.95,0.9,5,2,0.3,0.3,100,-0.23,14,10,0.71
1279,0,20,20200902093000,0.95,0.9,5,2,0.3,0.3,100,-0.23,17,13,0.76
1280,0,20,20200902101000,0.95,0.9,5,2,0.3,0.3,100,-0.27,41,30,0.73
1281,0,20,20200902101000,0.95,0.9,5,2,0.3,0.3,2000,-0.49,5,4,0.8
1282,0,20,20200902101000,0.95,0.9,5,2,0.3,0.3,20000,-0.55,4,3,0.75
1283,0,20,20200902092000,0.95,0.9,5,2,0.3,0.5,100,0.53,3,1,0.33
1284,0,20,20200902093000,0.95,0.9,5,2,0.3,0.5,100,0.18,5,3,0.6
1285,0,20,20200902101000,0.95,0.9,5,2,0.3,0.5,100,-0.17,12,4,0.33
1286,0,20,20200902101000,0.95,0.9,5,2,0.3,0.5,2000,-0.49,5,1,0.2
1287,0,20,20200902101000,0.95,0.9,5,2,0.3,0.5,20000,-0.62,4,1,0.25
1288,0,20,20200902092000,0.95,0.9,5,2,0.3,0.7,100,0.53,3,1,0.33
1289,0,20,20200902093000,0.95,0.9,5,2,0.3,0.7,100,0.18,5,2,0.4
1290,0,20,20200902101000,0.95,0.9,5,2,0.3,0.7,100,-0.17,12,3,0.25
1291,0,20,20200902101000,0.95,0.9,5,2,0.3,0.7,2000,-0.49,5,1,0.2
1292,0,20,20200902101000,0.95,0.9,5,2,0.3,0.7,20000,-0.62,4,1,0.25
1293,0,20,20200902092000,0.95,0.9,5,2,0.5,0.3,100,-0.12,6,2,0.33
1294,0,20,20200902093000,0.95,0.9,5,2,0.5,0.3,100,-0.12,6,2,0.33
1295,0,20,20200902101000,0.95,0.9,5,2,0.5,0.3,100,-0.26,15,9,0.6
1296,0,20,20200902092000,0.95,0.9,5,2,0.5,0.5,100,1.8,1,0,0.0
1297,0,20,20200902093000,0.95,0.9,5,2,0.5,0.5,100,1.8,1,0,0.0
1298,0,20,20200902101000,0.95,0.9,5,2,0.5,0.5,100,0.85,2,0,0.0
1299,0,20,20200902092000,0.95,0.9,5,2,0.5,0.7,100,1.8,1,0,0.0
1300,0,20,20200902093000,0.95,0.9,5,2,0.5,0.7,100,1.8,1,0,0.0
1301,0,20,20200902101000,0.95,0.9,5,2,0.5,0.7,100,0.85,2,0,0.0
1302,0,20,20200902092000,0.95,0.9,10,1,0.3,0.3,100,-0.38,8,8,1.0
1303,0,20,20200902093000,0.95,0.9,10,1,0.3,0.3,100,-0.38,8,8,1.0
1304,0,20,20200902101000,0.95,0.9,10,1,0.3,0.3,100,-0.36,26,22,0.85
1305,0,20,20200902101000,0.95,0.9,10,1,0.3,0.3,2000,-0.44,3,3,1.0
1306,0,20,20200902101000,0.95,0.9,10,1,0.3,0.3,20000,-0.52,2,2,1.0
1307,0,20,20200902092000,0.95,0.9,10,1,0.3,0.5,100,1.02,2,0,0.0
1308,0,20,20200902093000,0.95,0.9,10,1,0.3,0.5,100,1.02,2,0,0.0
1309,0,20,20200902101000,0.95,0.9,10,1,0.3,0.5,100,0.08,7,0,0.0
1310,0,20,20200902101000,0.95,0.9,10,1,0.3,0.5,2000,-0.33,3,0,0.0
1311,0,20,20200902101000,0.95,0.9,10,1,0.3,0.5,20000,-0.2,2,0,0.0
1312,0,20,20200902092000,0.95,0.9,10,1,0.3,0.7,100,1.02,2,0,0.0
1313,0,20,20200902093000,0.95,0.9,10,1,0.3,0.7,100,1.02,2,0,0.0
1314,0,20,20200902101000,0.95,0.9,10,1,0.3,0.7,100,0.08,7,0,0.0
1315,0,20,20200902101000,0.95,0.9,10,1,0.3,0.7,2000,-0.33,3,0,0.0
1316,0,20,20200902101000,0.95,0.9,10,1,0.3,0.7,20000,-0.2,2,0,0.0
1317,0,20,20200902092000,0.95,0.9,10,1,0.5,0.3,100,-0.66,2,2,1.0
1318,0,20,20200902093000,0.95,0.9,10,1,0.5,0.3,100,-0.66,2,2,1.0
1319,0,20,20200902101000,0.95,0.9,10,1,0.5,0.3,100,-0.5,9,8,0.89
1320,0,20,20200902092000,0.95,0.9,10,1,0.5,0.5,100,1.8,1,0,0.0
1321,0,20,20200902093000,0.95,0.9,10,1,0.5,0.5,100,1.8,1,0,0.0
1322,0,20,20200902101000,0.95,0.9,10,1,0.5,0.5,100,0.76,2,0,0.0
1323,0,20,20200902092000,0.95,0.9,10,1,0.5,0.7,100,1.8,1,0,0.0
1324,0,20,20200902093000,0.95,0.9,10,1,0.5,0.7,100,1.8,1,0,0.0
1325,0,20,20200902101000,0.95,0.9,10,1,0.5,0.7,100,0.76,2,0,0.0
1326,0,20,20200902092000,0.95,0.9,10,2,0.3,0.3,100,-0.38,8,8,1.0
1327,0,20,20200902093000,0.95,0.9,10,2,0.3,0.3,100,-0.38,8,8,1.0
1328,0,20,20200902101000,0.95,0.9,10,2,0.3,0.3,100,-0.36,26,22,0.85
1329,0,20,20200902101000,0.95,0.9,10,2,0.3,0.3,2000,-0.44,3,3,1.0
1330,0,20,20200902101000,0.95,0.9,10,2,0.3,0.3,20000,-0.52,2,2,1.0
1331,0,20,20200902092000,0.95,0.9,10,2,0.3,0.5,100,1.16,2,0,0.0
1332,0,20,20200902093000,0.95,0.9,10,2,0.3,0.5,100,1.16,2,0,0.0
1333,0,20,20200902101000,0.95,0.9,10,2,0.3,0.5,100,0.07,7,0,0.0
1334,0,20,20200902101000,0.95,0.9,10,2,0.3,0.5,2000,-0.44,3,0,0.0
1335,0,20,20200902101000,0.95,0.9,10,2,0.3,0.5,20000,-0.67,2,0,0.0
1336,0,20,20200902092000,0.95,0.9,10,2,0.3,0.7,100,1.16,2,0,0.0
1337,0,20,20200902093000,0.95,0.9,10,2,0.3,0.7,100,1.16,2,0,0.0
1338,0,20,20200902101000,0.95,0.9,10,2,0.3,0.7,100,0.07,7,0,0.0
1339,0,20,20200902101000,0.95,0.9,10,2,0.3,0.7,2000,-0.44,3,0,0.0
1340,0,20,20200902101000,0.95,0.9,10,2,0.3,0.7,20000,-0.67,2,0,0.0
1341,0,20,20200902092000,0.95,0.9,10,2,0.5,0.3,100,-0.66,2,2,1.0
1342,0,20,20200902093000,0.95,0.9,10,2,0.5,0.3,100,-0.66,2,2,1.0
1343,0,20,20200902101000,0.95,0.9,10,2,0.5,0.3,100,-0.5,9,8,0.89
1344,0,20,20200902092000,0.95,0.9,10,2,0.5,0.5,100,1.8,1,0,0.0
1345,0,20,20200902093000,0.95,0.9,10,2,0.5,0.5,100,1.8,1,0,0.0
1346,0,20,20200902101000,0.95,0.9,10,2,0.5,0.5,100,0.85,2,0,0.0
1347,0,20,20200902092000,0.95,0.9,10,2,0.5,0.7,100,1.8,1,0,0.0
1348,0,20,20200902093000,0.95,0.9,10,2,0.5,0.7,100,1.8,1,0,0.0
1349,0,20,20200902101000,0.95,0.9,10,2,0.5,0.7,100,0.85,2,0,0.0
